iteration,elapsed_seconds
1,0.0140977
2,0.00398911
3,0.0269891
4,0.0356567
5,0.0327851
6,0.0340127
7,0.034033
8,0.029392
9,0.0331776
10,0.0330765
11,0.0336807
12,0.033388
13,0.0324071
14,0.0332318
15,0.0333503
16,0.0331283
17,0.0332105
18,0.0332326
19,0.0336561
20,0.0331339
21,0.0332134
22,0.0344395
23,0.0332497
24,0.0332772
25,0.0334604
26,0.0328913
27,0.0324953
28,0.0333759
29,0.0333886
30,0.0333569
31,0.0332892
32,0.0344021
33,0.0333218
34,0.0332157
35,0.0321682
36,0.0335062
37,0.0331938
38,0.0333292
39,0.0331489
40,0.0334901
41,0.0341159
42,0.0330036
43,0.0341092
44,0.0325659
45,0.033725
46,0.0326105
47,0.0330225
48,0.0364388
49,0.0332342
50,0.0350727
51,0.0318914
52,0.0348466
53,0.0332616
54,0.0326269
55,0.0321943
56,0.03341
57,0.0330302
58,0.0335109
59,0.033277
60,0.0346344
61,0.0320274
62,0.0332553
63,1.02087
64,2.00255
65,2.00332
66,2.00212
67,2.00363
68,1.68302
69,0.0427799
70,0.0303259
71,0.0312539
72,1.46817
73,0.0469486
74,0.0330118
75,0.0340064
76,0.058563
77,0.0524869
78,1.01903
79,2.00407
80,2.00311
81,2.00321
82,2.00342
83,2.00347
84,2.00433
85,2.00265
86,2.00299
87,2.00351
88,2.0043
89,2.0039
90,2.00316
91,2.00382
92,2.00409
93,2.00352
94,2.00334
95,2.00315
96,2.00382
97,2.00355
98,2.00346
99,2.00303
100,2.00252
101,2.004
102,0.790876
103,0.0438316
104,0.0330141
105,0.0339075
106,0.0468547
107,0.0359774
108,0.0440939
109,2.00247
110,0.0509306
111,0.0334173
112,0.0333032
113,0.675866
114,0.0565823
115,0.0332778
116,0.0330773
117,0.0335106
118,0.0503075
119,0.0298108
120,0.0335631
121,0.0337913
122,2.0018
123,2.00238
124,2.00199
125,2.00169
126,0.812049
127,0.0491746
128,0.033504
129,0.0330795
130,0.0348075
131,0.0328923
132,0.033303
133,0.033236
134,1.01873
135,2.00196
136,0.0811249
137,0.0330639
138,1.01774
139,0.264551
140,0.032645
141,0.0333406
142,0.0334418
143,0.400351
144,0.0326354
145,0.03328
146,0.518999
147,0.0309514
148,0.0329651
149,2.00152
150,2.00242
151,2.0024
152,0.911603
153,0.046069
154,0.0322989
155,0.0341233
156,0.0389476
157,0.0227465
158,0.0337472
159,0.0329254
160,0.0441714
161,0.066762
162,0.0240036
163,0.436321
164,0.0645626
165,0.0811727
166,2.00844
167,0.71612
168,0.0250637
169,0.03296
170,0.0330559
171,0.0331899
172,0.0341095
173,1.01786
174,0.388292
175,0.0334766
176,0.0325779
177,0.0327649
178,0.0336812
179,0.0332174
180,0.0351964
181,2.00282
182,0.930584
183,0.0499758
184,0.0339746
185,1.01775
186,2.00247
187,2.006
188,1.12635
189,0.0534991
190,0.0347606
191,0.0345792
192,0.0325697
193,0.0335884
194,1.01851
195,1.23319
196,0.0490973
197,0.0345631
198,0.0341605
199,0.0329424
200,0.0331855
201,0.0327379
202,2.00382
203,0.931894
204,0.0355667
205,0.03478
206,0.0331814
207,0.0312916
208,0.033484
209,0.0331968
210,0.0335141
211,0.0333303
212,0.0332353
213,0.0334206
214,0.0324146
215,0.0331901
216,0.0330103
217,0.0332984
218,0.0333683
219,0.0334115
220,0.0351867
221,0.0483105
222,0.0329273
223,0.0334136
224,0.0332675
225,0.0337344
226,0.0335552
227,0.0334644
228,0.0324687
229,0.0330743
230,0.0336231
231,0.0331795
232,0.0332768
233,0.0333053
234,0.0346136
235,0.0332209
236,0.0333876
237,0.0332085
238,0.0335894
239,0.0333609
240,0.0330836
241,0.0330576
242,0.0334603
243,0.0332426
244,0.033263
245,0.0333702
246,0.0331527
247,0.0335008
248,0.033448
249,0.0334099
250,0.0330314
251,0.0334489
252,0.0333276
253,0.0333037
254,0.0334193
255,0.0330141
256,0.0337902
257,0.032863
258,0.0335326
259,0.0336607
260,0.0330021
261,0.0331163
262,0.0333235
263,0.0336145
264,0.0329818
265,0.0347192
266,0.0332397
267,0.0334312
268,0.0332943
269,0.0334508
270,0.0333277
271,0.0332373
272,0.0332432
273,0.0354959
274,0.0315381
275,0.0321333
276,0.0341299
277,0.0320421
278,0.0333003
279,0.0333806
280,0.0332222
281,0.0334058
282,0.0333726
283,0.033453
284,0.0331709
285,0.0332568
286,0.0336935
287,0.0340334
288,0.0332961
289,0.0332875
290,0.0333325
291,0.0325269
292,0.0329035
293,0.0333846
294,0.0335824
295,0.0332433
296,0.0355306
297,0.0318511
298,0.036281
299,0.0296197
300,0.0332341
301,0.0333581
302,0.0332277
303,0.033256
304,0.0331848
305,0.0333414
306,0.0333204
307,0.0331922
308,0.0333578
309,0.033385
310,0.0332046
311,0.0334284
312,0.0332346
313,0.0332966
314,0.0331762
315,0.0334694
316,0.0333628
317,0.0340694
318,0.0333043
319,0.0334601
320,0.0329732
321,0.0329399
322,0.0331786
323,0.0342137
324,0.0321945
325,0.0333995
326,0.0335902
327,0.0330427
328,0.0331763
329,0.0341512
330,0.0327022
331,0.0332044
332,0.0333435
333,0.0332455
334,0.0334828
335,0.0334826
336,0.0331532
337,0.0330786
338,0.0333204
339,0.0334542
340,0.0333546
341,0.0331705
342,0.0334583
343,0.0332087
344,0.0332041
345,0.0332886
346,0.0332736
347,0.0333697
348,0.0334931
349,0.0332168
350,0.0333014
351,0.0332206
352,0.0333841
353,0.0333348
354,0.0334567
355,0.0331074
356,0.0350306
357,0.0333319
358,0.0331084
359,0.0332364
360,0.0331565
361,0.033382
362,0.0332536
363,0.0337033
364,0.0329711
365,0.0332953
366,0.0333139
367,0.0332117
368,0.0334398
369,0.0332394
370,0.0332454
371,0.0334737
372,0.0333223
373,0.033179
374,0.0333787
375,0.0332032
376,0.0333907
377,0.0333113
378,0.0336165
379,0.033214
380,0.0332458
381,0.033257
382,0.0333771
383,0.0332837
384,0.0332981
385,0.0333276
386,0.0332661
387,0.0337275
388,0.0333059
389,0.0333558
390,0.0334622
391,0.0331499
392,0.0332943
393,0.0331423
394,0.0335813
395,0.0330926
396,0.0332028
397,0.0335866
398,0.0331776
399,0.0335538
400,0.0331472
401,0.0334484
402,0.0333657
403,0.0330216
404,0.0334981
405,0.0331581
406,0.0333304
407,0.0331418
408,0.0333857
409,0.0333593
410,0.0335656
411,0.0333302
412,0.0332124
413,0.0331504
414,0.0334103
415,0.0331929
416,0.0342886
417,0.0341285
418,0.0323599
419,0.0332788
420,0.0331855
421,0.0334353
422,0.0332613
423,0.0333786
424,0.0334363
425,0.0332385
426,0.0332189
427,0.0332833
428,0.0334308
429,0.0332303
430,0.0334393
431,0.033204
432,0.0344002
433,0.0331815
434,0.0335196
435,0.0322141
436,0.0332056
437,0.0333509
438,0.0334497
439,0.033092
440,0.0334212
441,0.0331868
442,0.0335278
443,0.0332805
444,0.0335045
445,0.0335182
446,0.0329848
447,0.0486891
448,0.0331549
449,0.0334106
450,0.0333529
451,0.0335694
452,0.0336487
453,0.0328894
454,0.0333144
455,0.033143
456,0.0333099
457,0.0335603
458,0.033187
459,0.0328999
460,0.0333954
461,0.0332042
462,0.033281
463,0.033278
464,0.0335282
465,0.0333258
466,0.0333728
467,0.0332961
468,0.0331807
469,0.0332079
470,0.0333825
471,0.0333452
472,0.0333119
473,0.0333382
474,0.0331745
475,0.0331789
476,0.0333411
477,0.0333238
478,0.0340721
479,0.0330534
480,0.0333599
481,0.0331917
482,0.0333268
483,0.0334033
484,0.0333649
485,0.033229
486,0.0334145
487,0.0341286
488,0.0331495
489,0.0327997
490,0.0331823
491,0.0352796
492,0.0320877
493,0.0325317
494,0.0332516
495,0.0343437
496,0.0332142
497,0.0333841
498,0.0327645
499,0.0333408
500,0.0328862
501,0.033619
502,0.0334704
503,0.0330867
504,0.0329976
505,0.0331579
506,0.0332097
507,0.0332081
508,0.033491
509,0.0333219
510,0.0333154
511,0.033448
512,0.033377
513,0.0331089
514,0.0334739
515,0.0332107
516,0.0340938
517,0.0334572
518,0.033016
519,0.0331436
520,0.0498453
521,0.0337868
522,0.033202
523,0.0334078
524,0.0334431
525,0.0332541
526,0.0332236
527,0.0332031
528,0.0333254
529,0.032615
530,0.0336557
531,0.0339433
532,0.033162
533,0.0331097
534,0.0333674
535,0.0331246
536,0.03335
537,0.0331335
538,0.0330823
539,0.0331424
540,0.0332429
541,0.0334795
542,0.0334965
543,0.0330321
544,0.0333157
545,0.0335664
546,0.0331043
547,0.03326
548,0.0337925
549,0.0327741
550,0.0332763
551,0.0341125
552,0.0325395
553,0.0333028
554,0.0336205
555,0.0332231
556,0.0333844
557,0.0332668
558,0.0333645
559,0.0336172
560,0.0327944
561,0.0331209
562,0.0334245
563,0.0332921
564,0.0334327
565,0.0331914
566,0.0334841
567,0.0331756
568,0.0335182
569,0.0334267
570,0.033132
571,0.0332479
572,0.0329886
573,0.0340003
574,0.0330052
575,0.0337878
576,0.0334144
577,0.033337
578,0.0334424
579,0.0332167
580,0.0328917
581,0.0337091
582,0.0323949
583,0.0333447
584,0.0330743
585,0.033309
586,0.0332615
587,0.0332963
588,0.03335
589,0.0336959
590,0.0329962
591,0.033183
592,0.0343843
593,0.0333001
594,0.0331351
595,0.0335164
596,0.0334637
597,0.0332921
598,0.0330189
599,0.0333137
600,0.0342995
601,0.0331184
602,0.033206
603,0.0334154
604,0.0327592
605,0.033171
606,0.0337695
607,0.0332644
608,0.0334514
609,0.0332119
610,0.0325199
611,0.0332128
612,0.0333207
613,0.0333679
614,0.0332825
615,0.0334457
616,0.0332636
617,0.0331881
618,0.0333395
619,0.0333492
620,0.0332896
621,0.0333665
622,0.0332275
623,0.0333023
624,0.0332959
625,0.0333345
626,0.0332866
627,0.0333726
628,0.0332805
629,0.0333188
630,0.0337731
631,0.0332955
632,0.0333187
633,0.0334553
634,0.0332836
635,0.0331183
636,0.0332078
637,0.0336239
638,0.0332609
639,0.0333006
640,0.0331295
641,0.0337626
642,0.0329361
643,0.0335902
644,0.0330896
645,0.0333248
646,0.033406
647,0.0333426
648,0.0332227
649,0.0331659
650,0.0332905
651,0.0333225
652,0.033405
653,0.0332045
654,0.0335794
655,0.0329692
656,0.03345
657,0.0330835
658,0.0335374
659,0.0342073
660,0.0343734
661,0.0320217
662,0.0330475
663,0.0328821
664,0.0335274
665,0.0332647
666,0.0333912
667,0.0332156
668,0.0333726
669,0.0331415
670,0.0331984
671,0.0335557
672,0.0334712
673,0.0331388
674,0.0333763
675,0.0333426
676,0.0333205
677,0.0333008
678,0.033199
679,0.033102
680,0.0334823
681,0.0334251
682,0.0332413
683,0.0330993
684,0.0334939
685,0.0333083
686,0.0334166
687,0.0333387
688,0.0332293
689,0.0330663
690,0.0336502
691,0.0330074
692,0.033254
693,0.0335848
694,0.0333921
695,0.0331717
696,0.033601
697,0.0329007
698,0.0334567
699,0.0332597
700,0.0339923
701,0.0327992
702,0.0331925
703,0.0329485
704,0.0333288
705,0.0332329
706,0.0333451
707,0.0333869
708,0.0335441
709,0.033504
710,0.0329094
711,0.0333763
712,0.0332893
713,0.0334458
714,0.0333722
715,0.0338299
716,0.0335707
717,0.0333296
718,0.0331529
719,0.0325567
720,0.0334465
721,0.0331506
722,0.0335753
723,0.0332185
724,0.0333633
725,0.0332715
726,0.0332905
727,0.0331685
728,0.033496
729,0.033182
730,0.0330937
731,0.0335359
732,0.0332073
733,0.034237
734,0.0331078
735,0.0334764
736,0.0331653
737,0.0323323
738,0.0335165
739,0.033214
740,0.03337
741,0.033492
742,0.033297
743,0.0331705
744,0.0332168
745,0.0334297
746,0.0332582
747,0.0332764
748,0.0335402
749,0.0332065
750,0.0331205
751,0.0332509
752,0.0334365
753,0.0333726
754,0.033306
755,0.0334646
756,0.0332026
757,0.0334351
758,0.0334173
759,0.033308
760,0.0332396
761,0.0333456
762,0.0330797
763,0.0333003
764,0.0331684
765,0.0333912
766,0.0334654
767,0.0333138
768,0.0333279
769,0.0332492
770,0.0334786
771,0.0333029
772,0.0332431
773,0.0333026
774,0.0331675
775,0.0334451
776,0.0333829
777,0.0332663
778,0.0333775
779,0.0332326
780,0.0335047
781,0.0333322
782,0.0329869
783,0.0334854
784,0.0333177
785,0.0330706
786,0.0335112
787,0.0332372
788,0.0334493
789,0.0331428
790,0.0331767
791,0.0337764
792,0.0331183
793,0.0331743
794,0.0332737
795,0.0333389
796,0.0330126
797,0.0334201
798,0.0334157
799,0.0333644
800,0.0332869
801,0.0332748
802,0.033092
803,0.0333521
804,0.0333044
805,0.0333171
806,0.0335373
807,0.0331435
808,0.0335248
809,0.0332871
810,0.0332021
811,0.0333109
812,0.0333403
813,0.0332104
814,0.0333594
815,0.0333178
816,0.0333142
817,0.0332634
818,0.0334468
819,0.0334919
820,0.0330226
821,0.0334626
822,0.0334159
823,0.033111
824,0.033198
825,0.033257
826,0.0333728
827,0.0334351
828,0.0333749
829,0.0333636
830,0.0337544
831,0.0330043
832,0.033205
833,0.0331935
834,0.0333954
835,0.0332339
836,0.0333874
837,0.0333057
838,0.0331688
839,0.0334914
840,0.0333432
841,0.0334659
842,0.0330496
843,0.0339247
844,0.0332556
845,0.0338863
846,0.0332017
847,0.032823
848,0.0326568
849,0.0333172
850,0.0333728
851,0.0332952
852,0.0332862
853,0.0334482
854,0.033182
855,0.0334066
856,0.0332368
857,0.0333256
858,0.0333308
859,0.0334171
860,0.0333651
861,0.0331298
862,0.0332381
863,0.0335603
864,0.0334111
865,0.032994
866,0.033316
867,0.0333585
868,0.0332732
869,0.0332143
870,0.0335219
871,0.0331345
872,0.0334712
873,0.033463
874,0.0332537
875,0.0332965
876,0.0331318
877,0.0334393
878,0.0333433
879,0.0331237
880,0.0333051
881,0.0334904
882,0.0332589
883,0.0331775
884,0.0335516
885,0.033412
886,0.0331831
887,0.0334549
888,0.0340176
889,0.0334461
890,0.0332741
891,0.0332511
892,0.0333137
893,0.0323771
894,0.0331578
895,0.0334123
896,0.0335533
897,0.0332906
898,0.0336336
899,0.0329747
900,0.0330866
901,0.0451774
902,0.0336758
903,0.0339636
904,0.0355624
905,0.030173
906,0.0330291
907,0.0335676
908,0.0330442
909,0.0333543
910,0.0333643
911,0.0333445
912,0.0333643
913,0.0332222
914,0.0333474
915,0.0332171
916,0.0332866
917,0.0331418
918,0.033529
919,0.0330756
920,0.0332048
921,0.0333753
922,0.033334
923,0.033434
924,0.0331911
925,0.0333907
926,0.0331522
927,0.0333647
928,0.0332802
929,0.0335521
930,0.0332159
931,0.0332145
932,0.0335151
933,0.0337793
934,0.0353091
935,0.0331656
936,0.0331405
937,0.0336347
938,0.0327935
939,0.0333545
940,0.0332731
941,0.0336359
942,0.0334625
943,0.0332141
944,0.0330819
945,0.0331741
946,0.0333657
947,0.0333789
948,0.03322
949,0.0332567
950,0.0333368
951,0.0334697
952,0.0333711
953,0.0332315
954,0.0339008
955,0.0330962
956,0.032869
957,0.0335259
958,0.0331057
959,0.0332072
960,0.0334417
961,0.0335632
962,0.0334056
963,0.0329664
964,0.0332015
965,0.034679
966,0.0333972
967,0.0333271
968,0.0332138
969,0.033443
970,0.0335786
971,0.0329372
972,0.0333594
973,0.0333454
974,0.0332724
975,0.0332975
976,0.0333315
977,0.0333351
978,0.033299
979,0.033453
980,0.033198
981,0.0333204
982,0.0334166
983,0.0332147
984,0.0332681
985,0.0332614
986,0.0334061
987,0.0334622
988,0.0332615
989,0.033334
990,0.0331776
991,0.03328
992,0.0334097
993,0.0332926
994,0.0332139
995,0.0341929
996,0.0332816
997,0.0332354
998,0.0334006
999,0.0333344
1000,0.0334976
1001,0.0333927
1002,0.033258
1003,0.0334093
1004,0.0332459
1005,0.0485503
1006,0.0333342
1007,0.0331794
1008,0.0333307
1009,0.0332923
1010,0.0333082
1011,0.0330709
1012,0.0334093
1013,0.0333694
1014,0.0333866
1015,0.0333934
1016,0.0330886
1017,0.0333623
1018,0.0333658
1019,0.0333898
1020,0.0332358
1021,0.0331303
1022,0.0334631
1023,0.033823
1024,0.0335918
1025,0.033437
1026,0.0330036
1027,0.0328411
1028,0.0339067
1029,0.033317
1030,0.0332737
1031,0.0333236
1032,0.0333836
1033,0.0331186
1034,0.0333486
1035,0.033271
1036,0.0333599
1037,0.0333795
1038,0.0333045
1039,0.0333393
1040,0.0332648
1041,0.0334353
1042,0.0332889
1043,0.0325208
1044,0.0330127
1045,0.0342025
1046,0.0334082
1047,0.0331294
1048,0.0333486
1049,0.0332458
1050,0.0333068
1051,0.0332038
1052,0.0334955
1053,0.0332767
1054,0.0335051
1055,0.0331103
1056,0.0341064
1057,0.0333528
1058,0.0334479
1059,0.0329845
1060,0.0336339
1061,0.0334098
1062,0.0331209
1063,0.0327462
1064,0.0335913
1065,0.0329197
1066,0.0328808
1067,0.0333893
1068,0.0336682
1069,0.0331894
1070,0.0332529
1071,0.0335845
1072,0.0330485
1073,0.0332121
1074,0.0332446
1075,0.0333565
1076,0.0332228
1077,0.0334726
1078,0.0339108
1079,0.0328043
1080,0.0329114
1081,0.0335301
1082,0.0335167
1083,0.0330178
1084,0.0333484
1085,0.0335144
1086,0.0333378
1087,0.0334922
1088,0.0330164
1089,0.033607
1090,0.0332912
1091,0.0333382
1092,0.0334501
1093,0.0331913
1094,0.0331878
1095,0.0334142
1096,0.0333338
1097,0.033338
1098,0.0330965
1099,0.0331236
1100,0.0332962
1101,0.0334089
1102,0.0333392
1103,0.0332536
1104,0.0333216
1105,0.0332645
1106,0.0334105
1107,0.0332382
1108,0.0332838
1109,0.0333805
1110,0.0332954
1111,0.0332873
1112,0.0335013
1113,0.0330823
1114,0.0334392
1115,0.033289
1116,0.033269
1117,0.0339367
1118,0.0331586
1119,0.0332776
1120,0.0334379
1121,0.0333062
1122,0.0332557
1123,0.0332858
1124,0.0334073
1125,0.0331701
1126,0.0332934
1127,0.0337173
1128,0.0329929
1129,0.0332221
1130,0.0333704
1131,0.0332761
1132,0.0334372
1133,0.033186
1134,0.0336944
1135,0.0329812
1136,0.0332756
1137,0.033382
1138,0.0332495
1139,0.0333587
1140,0.033144
1141,0.0332963
1142,0.033578
1143,0.0333072
1144,0.0332272
1145,0.0332561
1146,0.033205
1147,0.0337667
1148,0.033497
1149,0.0330585
1150,0.0335313
1151,0.0332402
1152,0.033253
1153,0.0332532
1154,0.0332908
1155,0.0334448
1156,0.0331659
1157,0.0334952
1158,0.0332074
1159,0.0333596
1160,0.0332305
1161,0.0332688
1162,0.0334341
1163,0.0335658
1164,0.0331055
1165,0.0332943
1166,0.0333394
1167,0.0332475
1168,0.0332765
1169,0.0332765
1170,0.0333368
1171,0.033338
1172,0.0334584
1173,0.0331774
1174,0.0335643
1175,0.033538
1176,0.0327751
1177,0.0333807
1178,0.0334287
1179,0.0332565
1180,0.033416
1181,0.0331952
1182,0.033233
1183,0.0333227
1184,0.0333781
1185,0.0332678
1186,0.0334372
1187,0.0333761
1188,0.0331582
1189,0.0332384
1190,0.0333407
1191,0.0332704
1192,0.0333626
1193,0.0334016
1194,0.033671
1195,0.0329181
1196,0.0333454
1197,0.0333389
1198,0.0333878
1199,0.0331327
1200,0.0333444
1201,0.0335425
1202,0.0334133
1203,0.0335925
1204,0.0327002
1205,0.0335338
1206,0.0331163
1207,0.0332137
1208,0.0335808
1209,0.0331646
1210,0.0333632
1211,0.033464
1212,0.0330911
1213,0.0333943
1214,0.0337427
1215,0.0328919
1216,0.0332943
1217,0.0332573
1218,0.0333425
1219,0.0333674
1220,0.0330575
1221,0.033443
1222,0.0335753
1223,0.0330719
1224,0.0336774
1225,0.0323795
1226,0.033167
1227,0.0332737
1228,0.0333246
1229,0.033413
1230,0.0331537
1231,0.0336375
1232,0.0334556
1233,0.0330413
1234,0.0333399
1235,0.0332287
1236,0.0333518
1237,0.0332526
1238,0.0332358
1239,0.0334328
1240,0.033319
1241,0.0331565
1242,0.0333421
1243,0.0333679
1244,0.0332874
1245,0.0333679
1246,0.0332963
1247,0.0333006
1248,0.0332608
1249,0.0334585
1250,0.0331974
1251,0.0332975
1252,0.0334383
1253,0.0333874
1254,0.0332804
1255,0.0332793
1256,0.0332027
1257,0.0333075
1258,0.0336311
1259,0.0332657
1260,0.0332984
1261,0.033321
1262,0.0334122
1263,0.0332633
1264,0.0333493
1265,0.0332527
1266,0.0335888
1267,0.0328809
1268,0.0334579
1269,0.0334107
1270,0.033343
1271,0.0332067
1272,0.033279
1273,0.0333182
1274,0.0332287
1275,0.033447
1276,0.033437
1277,0.035467
1278,0.0316498
1279,0.0335275
1280,0.0322155
1281,0.0333638
1282,0.0332558
1283,0.0331536
1284,0.0333966
1285,0.0331818
1286,0.0332166
1287,0.0333278
1288,0.0332351
1289,0.0334035
1290,0.0333303
1291,0.0334048
1292,0.0332116
1293,0.0330951
1294,0.033561
1295,0.0334052
1296,0.0332325
1297,0.0337045
1298,0.0331446
1299,0.0332172
1300,0.0335803
1301,0.0330383
1302,0.0330221
1303,0.0334481
1304,0.0330683
1305,0.0333456
1306,0.0334783
1307,0.0342322
1308,0.0332589
1309,0.033419
1310,0.0333335
1311,0.0331705
1312,0.0334468
1313,0.0333041
1314,0.0331087
1315,0.0327302
1316,0.0339144
1317,0.0333183
1318,0.0330569
1319,0.0307981
1320,0.0334573
1321,0.0333073
1322,0.0332461
1323,0.0334789
1324,0.0333552
1325,0.0323067
1326,0.0340732
1327,0.0333311
1328,0.033302
1329,0.033157
1330,0.0337022
1331,0.0333016
1332,0.0331147
1333,0.0332951
1334,0.0334445
1335,0.0331591
1336,0.0332314
1337,0.0333879
1338,0.0331348
1339,0.0333276
1340,0.0333784
1341,0.0333609
1342,0.0333352
1343,0.0334
1344,0.033265
1345,0.0331749
1346,0.033503
1347,0.0324422
1348,0.0332408
1349,0.033341
1350,0.0334193
1351,0.0332342
1352,0.0332264
1353,0.0333657
1354,0.0332746
1355,0.0332761
1356,0.0332371
1357,0.0335391
1358,0.0332099
1359,0.033283
1360,0.0334011
1361,0.0332886
1362,0.0335494
1363,0.0331023
1364,0.0330958
1365,0.0333635
1366,0.0333298
1367,0.0335505
1368,0.0330552
1369,0.0330948
1370,0.0336015
1371,0.0332165
1372,0.0333111
1373,0.0333444
1374,0.0332947
1375,0.0328115
1376,0.0331729
1377,0.0334181
1378,0.032822
1379,0.0342109
1380,0.0332541
1381,0.0333801
1382,0.0333625
1383,0.0330879
1384,0.0335537
1385,0.0332614
1386,0.0323734
1387,0.0339131
1388,0.0335986
1389,0.0333786
1390,0.033281
1391,0.0336412
1392,0.0334436
1393,0.0331985
1394,0.0333227
1395,0.0333167
1396,0.033169
1397,0.0334614
1398,0.0332958
1399,0.0333692
1400,0.0332256
1401,0.0333305
1402,0.0334416
1403,0.0334855
1404,0.0331207
1405,0.0330322
1406,0.033364
1407,0.0333332
1408,0.0331548
1409,0.0334717
1410,0.0333039
1411,0.0332391
1412,0.0333179
1413,0.0336215
1414,0.0330244
1415,0.0332731
1416,0.0333319
1417,0.04022
1418,0.0431703
1419,0.0334232
1420,0.0332616
1421,0.033359
1422,0.033421
1423,0.0331134
1424,0.0333872
1425,0.0331946
1426,0.0333318
1427,0.0332456
1428,0.0334652
1429,0.0332852
1430,0.0332058
1431,0.0332196
1432,0.0334091
1433,0.0333735
1434,0.033122
1435,0.0335016
1436,0.0331653
1437,0.0336325
1438,0.0331857
1439,0.0314308
1440,0.0334599
1441,0.0332299
1442,0.0331238
1443,0.0333496
1444,0.0334081
1445,0.033346
1446,0.0325426
1447,0.0332064
1448,0.033739
1449,0.0329766
1450,0.0332574
1451,0.0339895
1452,0.0327107
1453,0.0339058
1454,0.0332223
1455,0.0335399
1456,0.0334215
1457,0.0332116
1458,0.0332697
1459,0.0331281
1460,0.0329787
1461,0.0338755
1462,0.0332358
1463,0.0332962
1464,0.0333093
1465,0.0329792
1466,0.0333876
1467,0.0335846
1468,0.0330688
1469,0.0334898
1470,0.0332172
1471,0.0334376
1472,0.0332282
1473,0.0331607
1474,0.0338097
1475,0.0331507
1476,0.033118
1477,0.033331
1478,0.0333041
1479,0.0332934
1480,0.0333438
1481,0.0333368
1482,0.0341244
1483,0.0333485
1484,0.0332702
1485,0.0332785
1486,0.0335456
1487,0.0332667
1488,0.0329855
1489,0.0335114
1490,0.0331854
1491,0.0335291
1492,0.0333274
1493,0.0331087
1494,0.0332253
1495,0.0331438
1496,0.0337527
1497,0.0325841
1498,0.0334911
1499,0.0336306
1500,0.0333572
1501,0.0334318
1502,0.0331519
1503,0.0332814
1504,0.0333336
1505,0.0332473
1506,0.0324169
1507,0.0336885
1508,0.0331905
1509,0.0333135
1510,0.0334285
1511,0.0335522
1512,0.0337132
1513,0.0343844
1514,0.0337817
1515,0.033182
1516,0.033424
1517,0.0332865
1518,0.0332456
1519,0.0333253
1520,0.0331689
1521,0.0333197
1522,0.0331571
1523,0.033576
1524,0.0332401
1525,0.0334395
1526,0.0330104
1527,0.0334577
1528,0.0318543
1529,0.03414
1530,0.0332827
1531,0.0331472
1532,0.0333969
1533,0.0333437
1534,0.0332253
1535,0.033419
1536,0.0332619
1537,0.0332779
1538,0.0322666
1539,0.0334406
1540,0.0332016
1541,0.0337717
1542,0.0332027
1543,0.0331584
1544,0.0338624
1545,0.032948
1546,0.0334372
1547,0.0332886
1548,0.0331549
1549,0.0332585
1550,0.0333637
1551,0.0333333
1552,0.0332658
1553,0.0329798
1554,0.0334611
1555,0.0334399
1556,0.0333857
1557,0.033037
1558,0.0334036
1559,0.0333862
1560,0.0334193
1561,0.0331969
1562,0.0333205
1563,0.0332326
1564,0.0334874
1565,0.0332049
1566,0.0334448
1567,0.0333669
1568,0.0330659
1569,0.0331887
1570,0.0332801
1571,0.0333364
1572,0.033282
1573,0.0334167
1574,0.0343112
1575,0.0333833
1576,0.0332902
1577,0.0333298
1578,0.0333818
1579,0.0334113
1580,0.0331312
1581,0.0336297
1582,0.0332093
1583,0.0331693
1584,0.0333035
1585,0.0332834
1586,0.0333257
1587,0.0332665
1588,0.0332179
1589,0.0334944
1590,0.0332423
1591,0.0333678
1592,0.0335871
1593,0.0336533
1594,0.0328235
1595,0.0332072
1596,0.0334049
1597,0.0332456
1598,0.0335007
1599,0.0332739
1600,0.0333018
1601,0.0332741
1602,0.0332438
1603,0.0332446
1604,0.034502
1605,0.0332754
1606,0.0333162
1607,0.0332479
1608,0.0333347
1609,0.0333771
1610,0.0332243
1611,0.0333801
1612,0.0332048
1613,0.0332227
1614,0.0334124
1615,0.0333937
1616,0.0332367
1617,0.0337058
1618,0.0329062
1619,0.0333755
1620,0.03314
1621,0.0334139
1622,0.0332899
1623,0.0333025
1624,0.0333742
1625,0.0332037
1626,0.0333644
1627,0.0332169
1628,0.0333987
1629,0.0332856
1630,0.0333129
1631,0.0333041
1632,0.0333571
1633,0.0334152
1634,0.0332305
1635,0.0343118
1636,0.0329397
1637,0.0331189
1638,0.0339578
1639,0.0330938
1640,0.0329636
1641,0.0332727
1642,0.033282
1643,0.0334812
1644,0.0331898
1645,0.0332618
1646,0.033679
1647,0.0333764
1648,0.0328399
1649,0.0333957
1650,0.0333451
1651,0.0332576
1652,0.0336798
1653,0.0333659
1654,0.0329809
1655,0.0331459
1656,0.0333405
1657,0.033449
1658,0.0331915
1659,0.0333267
1660,0.0333711
1661,0.0333424
1662,0.0333451
1663,0.0332638
1664,0.0333217
1665,0.0332952
1666,0.0333159
1667,0.0336501
1668,0.0329463
1669,0.0332072
1670,0.0335775
1671,0.0332365
1672,0.0331765
1673,0.033286
1674,0.033374
1675,0.033337
1676,0.0332885
1677,0.0333106
1678,0.0331995
1679,0.0336526
1680,0.0330738
1681,0.033256
1682,0.0336879
1683,0.0328917
1684,0.0340081
1685,0.0329778
1686,0.0331437
1687,0.0334326
1688,0.0336203
1689,0.0329481
1690,0.0333815
1691,0.0330322
1692,0.033312
1693,0.033318
1694,0.0332702
1695,0.0333115
1696,0.0332671
1697,0.0332514
1698,0.0334632
1699,0.0334758
1700,0.0332916
1701,0.033352
1702,0.0333665
1703,0.0334607
1704,0.0332681
1705,0.0334231
1706,0.0331798
1707,0.0332185
1708,0.0334146
1709,0.0332724
1710,0.0331851
1711,0.0332465
1712,0.033663
1713,0.033152
1714,0.0331725
1715,0.0335191
1716,0.0331701
1717,0.0334669
1718,0.0329147
1719,0.0333951
1720,0.0331887
1721,0.0332712
1722,0.0333598
1723,0.0333914
1724,0.0333201
1725,0.0334354
1726,0.033514
1727,0.0327377
1728,0.0332427
1729,0.0333695
1730,0.0331749
1731,0.0333905
1732,0.0333398
1733,0.0332614
1734,0.03341
1735,0.0332082
1736,0.0334566
1737,0.0332245
1738,0.0332994
1739,0.0334596
1740,0.0331779
1741,0.0334273
1742,0.0333855
1743,0.0333422
1744,0.0331361
1745,0.0331548
1746,0.0334371
1747,0.0332762
1748,0.0333654
1749,0.0332135
1750,0.0333155
1751,0.0332343
1752,0.0333364
1753,0.0334684
1754,0.0332247
1755,0.0331797
1756,0.0333224
1757,0.0341054
1758,0.0331348
1759,0.0333991
1760,0.0333719
1761,0.0335798
1762,0.0329548
1763,0.0332324
1764,0.0334884
1765,0.033685
1766,0.0329643
1767,0.0332656
1768,0.0332434
1769,0.033266
1770,0.033313
1771,0.0334719
1772,0.0331894
1773,0.0336278
1774,0.0344009
1775,0.0328223
1776,0.0332041
1777,0.0321953
1778,0.0323293
1779,0.0334181
1780,0.0332838
1781,0.0334791
1782,0.0330209
1783,0.0331969
1784,0.0332181
1785,0.0332217
1786,0.0333749
1787,0.0333129
1788,0.0335215
1789,0.0332478
1790,0.0331439
1791,0.0334189
1792,0.0332511
1793,0.0333172
1794,0.033291
1795,0.0335609
1796,0.0332234
1797,0.0333481
1798,0.0331506
1799,0.0334246
1800,0.0332105
1801,0.0332593
1802,0.033278
1803,0.0333733
1804,0.0333167
1805,0.0332524
1806,0.0333738
1807,0.0332131
1808,0.0334801
1809,0.033496
1810,0.0329786
1811,0.0331733
1812,0.033443
1813,0.0332428
1814,0.0334069
1815,0.0334386
1816,0.0332633
1817,0.0332554
1818,0.0344427
1819,0.0332344
1820,0.0334781
1821,0.0332975
1822,0.0332668
1823,0.033333
1824,0.0331945
1825,0.03332
1826,0.0333487
1827,0.0333087
1828,0.0332566
1829,0.0333441
1830,0.0331544
1831,0.0334811
1832,0.0335692
1833,0.0332152
1834,0.0332115
1835,0.0332077
1836,0.033475
1837,0.0331375
1838,0.0333967
1839,0.0332783
1840,0.0332299
1841,0.033406
1842,0.033317
1843,0.0333034
1844,0.0333153
1845,0.0333677
1846,0.0332195
1847,0.0333095
1848,0.0339613
1849,0.0333265
1850,0.0331962
1851,0.0335047
1852,0.0334539
1853,0.0330157
1854,0.0334719
1855,0.0331767
1856,0.0333441
1857,0.0331949
1858,0.033367
1859,0.0334481
1860,0.0331763
1861,0.0333357
1862,0.033373
1863,0.0332914
1864,0.0332661
1865,0.0332327
1866,0.0333282
1867,0.033224
1868,0.0333998
1869,0.0333425
1870,0.0334949
1871,0.0331803
1872,0.0334183
1873,0.0333375
1874,0.0333321
1875,0.033154
1876,0.0334552
1877,0.0332842
1878,0.0332138
1879,0.0333908
1880,0.0333237
1881,0.0332228
1882,0.0332035
1883,0.0334354
1884,0.0334378
1885,0.0332613
1886,0.0333587
1887,0.0332756
1888,0.0331347
1889,0.0333545
1890,0.0334304
1891,0.0331505
1892,0.033291
1893,0.033349
1894,0.0333223
1895,0.0337378
1896,0.0331686
1897,0.0334805
1898,0.0330294
1899,0.0334006
1900,0.0332271
1901,0.0333343
1902,0.0332764
1903,0.0319823
1904,0.0332915
1905,0.0330822
1906,0.0333819
1907,0.0330957
1908,0.0331778
1909,0.0333993
1910,0.0333258
1911,0.0333109
1912,0.0339578
1913,0.0332718
1914,0.0327552
1915,0.0332
1916,0.0335823
1917,0.0332853
1918,0.0335945
1919,0.0335063
1920,0.0329577
1921,0.0331072
1922,0.0333123
1923,0.0331924
1924,0.0332235
1925,0.0332255
1926,0.0333414
1927,0.0333413
1928,0.0341614
1929,0.0326339
1930,0.0337604
1931,0.0330899
1932,0.032938
1933,0.0338096
1934,0.0331516
1935,0.0333373
1936,0.0330852
1937,0.0338502
1938,0.0330755
1939,0.0334921
1940,0.0329323
1941,0.0331846
1942,0.033598
1943,0.0334371
1944,0.0329695
1945,0.0335821
1946,0.0329883
1947,0.0331744
1948,0.0339001
1949,0.0330843
1950,0.0335207
1951,0.0329755
1952,0.0335388
1953,0.0331515
1954,0.0335053
1955,0.0330618
1956,0.0332104
1957,0.0334171
1958,0.0331608
1959,0.033203
1960,0.033503
1961,0.033484
1962,0.0332054
1963,0.033686
1964,0.0327948
1965,0.0337015
1966,0.0328563
1967,0.0334016
1968,0.0333094
1969,0.0333599
1970,0.0331827
1971,0.0333697
1972,0.033358
1973,0.0335449
1974,0.0331463
1975,0.0331796
1976,0.0333296
1977,0.0327897
1978,0.0334334
1979,0.0332016
1980,0.0332019
1981,0.0337841
1982,0.0321663
1983,0.0332714
1984,0.0334217
1985,0.033233
1986,0.0336182
1987,0.0329551
1988,0.0339111
1989,0.0329447
1990,0.0331692
1991,0.0335089
1992,0.0333117
1993,0.033035
1994,0.0336559
1995,0.0331962
1996,0.033229
1997,0.0332275
1998,0.0335949
1999,0.0328025
2000,0.0337801
2001,0.0329063
2002,0.0332049
2003,0.0336785
2004,0.0330238
2005,0.0331978
2006,0.0334393
2007,0.0333276
2008,0.0336234
2009,0.0330685
2010,0.0334036
2011,0.0331454
2012,0.0334912
2013,0.0331353
2014,0.0331884
2015,0.0334102
2016,0.0332551
2017,0.0333918
2018,0.0499283
2019,0.0333433
2020,0.0333026
2021,0.0332693
2022,0.0333293
2023,0.0333363
2024,0.0332757
2025,0.0336152
2026,0.0330271
2027,0.0335696
2028,0.033081
2029,0.0336672
2030,0.0329738
2031,0.0316016
2032,0.0333459
2033,0.0334047
2034,0.0331962
2035,0.033389
2036,0.0337148
2037,0.0327331
2038,0.0335182
2039,0.0331967
2040,0.0332338
2041,0.0334485
2042,0.0332494
2043,0.0332627
2044,0.0332598
2045,0.033334
2046,0.0334303
2047,0.0332908
2048,0.0333734
2049,0.033342
2050,0.0336801
2051,0.0337978
2052,0.0327197
2053,0.0333736
2054,0.0334705
2055,0.0329921
2056,0.0331921
2057,0.0333286
2058,0.033362
2059,0.0332522
2060,0.0332359
2061,0.0332956
2062,0.0331964
2063,0.0332531
2064,0.0334227
2065,0.0335114
2066,0.0333163
2067,0.0332057
2068,0.0334834
2069,0.0331892
2070,0.0331548
2071,0.0333449
2072,0.0335346
2073,0.0331297
2074,0.0333595
2075,0.0332126
2076,0.0333329
2077,0.0332412
2078,0.0335195
2079,0.0331037
2080,0.0332368
2081,0.0333405
2082,0.0332765
2083,0.0333821
2084,0.0332971
2085,0.0335048
2086,0.0336179
2087,0.0328654
2088,0.0333664
2089,0.0333028
2090,0.0333141
2091,0.0332098
2092,0.0360514
2093,0.0332553
2094,0.0332978
2095,0.0334216
2096,0.0332014
2097,0.0333104
2098,0.0333778
2099,0.0331556
2100,0.033853
2101,0.033281
2102,0.0331752
2103,0.0331452
2104,0.0335007
2105,0.0333462
2106,0.0332296
2107,0.0331776
2108,0.0335561
2109,0.0332966
2110,0.0330566
2111,0.033282
2112,0.0332459
2113,0.0331476
2114,0.0332802
2115,0.0333897
2116,0.0332245
2117,0.0333758
2118,0.0334415
2119,0.0332179
2120,0.0331667
2121,0.0334873
2122,0.0332844
2123,0.0332499
2124,0.0333325
2125,0.0337419
2126,0.0331083
2127,0.0332613
2128,0.0333441
2129,0.0333268
2130,0.033306
2131,0.0332905
2132,0.0334164
2133,0.0330879
2134,0.0333143
2135,0.0333086
2136,0.0332312
2137,0.0331908
2138,0.0332896
2139,0.033425
2140,0.0333678
2141,0.0330236
2142,0.0333537
2143,0.0332544
2144,0.0335364
2145,0.0331871
2146,0.0336639
2147,0.0331138
2148,0.0332877
2149,0.0334402
2150,0.0330625
2151,0.03336
2152,0.033327
2153,0.0345268
2154,0.0333043
2155,0.0333238
2156,0.0332578
2157,0.0335223
2158,0.0330731
2159,0.0334061
2160,0.0332403
2161,0.0334208
2162,0.0333132
2163,0.0335188
2164,0.0332365
2165,0.0332116
2166,0.0333759
2167,0.0337884
2168,0.0329147
2169,0.0334211
2170,0.033311
2171,0.0336005
2172,0.0329976
2173,0.0331213
2174,0.0334162
2175,0.0332507
2176,0.0333589
2177,0.0332616
2178,0.0332524
2179,0.033118
2180,0.0333193
2181,0.0335877
2182,0.0330219
2183,0.0336942
2184,0.0317389
2185,0.0331304
2186,0.0337316
2187,0.0331181
2188,0.0332779
2189,0.0333875
2190,0.0331895
2191,0.0337265
2192,0.0329468
2193,0.033352
2194,0.033332
2195,0.0332673
2196,0.0332609
2197,0.0334509
2198,0.0334411
2199,0.0330777
2200,0.0333137
2201,0.0333935
2202,0.0332566
2203,0.0333272
2204,0.0332541
2205,0.0332908
2206,0.0334441
2207,0.0333407
2208,0.0333142
2209,0.0331319
2210,0.0331945
2211,0.0333795
2212,0.0333409
2213,0.0332195
2214,0.0335271
2215,0.0333086
2216,0.0333686
2217,0.0332495
2218,0.0334617
2219,0.0332789
2220,0.0332493
2221,0.0333838
2222,0.0383154
2223,0.0282316
2224,0.0332256
2225,0.0333285
2226,0.0335815
2227,0.0331954
2228,0.0330907
2229,0.033362
2230,0.0336219
2231,0.0331139
2232,0.0334454
2233,0.0332564
2234,0.0332638
2235,0.0334313
2236,0.0332847
2237,0.0332275
2238,0.0334091
2239,0.0331037
2240,0.0332561
2241,0.0331915
2242,0.0333914
2243,0.0333188
2244,0.0333772
2245,0.0333827
2246,0.0333626
2247,0.0331681
2248,0.0335021
2249,0.033272
2250,0.0331881
2251,0.0334061
2252,0.0331737
2253,0.0334441
2254,0.0333251
2255,0.0331844
2256,0.0334539
2257,0.0333673
2258,0.0330369
2259,0.0333906
2260,0.0333173
2261,0.0335722
2262,0.0333747
2263,0.0420123
2264,0.0246915
2265,0.0329662
2266,0.0333671
2267,0.0332129
2268,0.0333514
2269,0.0333249
2270,0.0333382
2271,0.0335297
2272,0.0329341
2273,0.0333143
2274,0.0334973
2275,0.033395
2276,0.0331912
2277,0.0333228
2278,0.0333771
2279,0.0332956
2280,0.033771
2281,0.0330814
2282,0.0328995
2283,0.0334296
2284,0.0332057
2285,0.0336246
2286,0.0331587
2287,0.0333482
2288,0.0331471
2289,0.0333612
2290,0.0332216
2291,0.0333037
2292,0.0334495
2293,0.0334318
2294,0.0330029
2295,0.0333127
2296,0.0333449
2297,0.0333212
2298,0.0355511
2299,0.0310481
2300,0.0332985
2301,0.0305336
2302,0.0334544
2303,0.0332603
2304,0.0332396
2305,0.0348847
2306,0.031857
2307,0.0331175
2308,0.0335238
2309,0.0332909
2310,0.0334883
2311,0.0331061
2312,0.0354917
2313,0.0310423
2314,0.0335109
2315,0.0335224
2316,0.0331649
2317,0.0332811
2318,0.0331596
2319,0.0336052
2320,0.0332621
2321,0.0331288
2322,0.0332924
2323,0.0333125
2324,0.0335006
2325,0.0334193
2326,0.0332215
2327,0.0330278
2328,0.0334209
2329,0.0334041
2330,0.0331923
2331,0.0332247
2332,0.0333956
2333,0.0334117
2334,0.0332543
2335,0.0333303
2336,0.0352461
2337,0.0333957
2338,0.033328
2339,0.033205
2340,0.0332846
2341,0.0334345
2342,0.0330488
2343,0.0335749
2344,0.0335579
2345,0.036579
2346,0.0297999
2347,0.0331828
2348,0.0332154
2349,0.0333133
2350,0.033316
2351,0.0362631
2352,0.0305376
2353,0.0333236
2354,0.036272
2355,0.0302131
2356,0.0333781
2357,0.0331635
2358,0.0334297
2359,0.0331813
2360,0.0333773
2361,0.0358006
2362,0.0309152
2363,0.0346639
2364,0.0318704
2365,0.0333505
2366,0.0342369
2367,0.0330866
2368,0.0333671
2369,0.0374506
2370,0.0285482
2371,0.0334232
2372,0.0333397
2373,0.0334468
2374,0.0331986
2375,0.0331269
2376,0.0333622
2377,0.0333021
2378,0.0334034
2379,0.0332685
2380,0.0333451
2381,0.0331592
2382,0.0333457
2383,0.0335459
2384,0.0332384
2385,0.0333328
2386,0.0333903
2387,0.0331
2388,0.0334154
2389,0.0332427
2390,0.0333764
2391,0.0332844
2392,0.0331955
2393,0.0332912
2394,0.0334407
2395,0.0331143
2396,0.0335421
2397,0.0333008
2398,0.0334727
2399,0.0331502
2400,0.0333247
2401,0.033162
2402,0.0334433
2403,0.0336239
2404,0.0330343
2405,0.0331717
2406,0.0332809
2407,0.0334189
2408,0.0333642
2409,0.0332807
2410,0.033507
2411,0.0331409
2412,0.0332247
2413,0.0334087
2414,0.0333024
2415,0.0333489
2416,0.0333292
2417,0.0332355
2418,0.0334043
2419,0.0333496
2420,0.0332533
2421,0.0332719
2422,0.0333272
2423,0.0333574
2424,0.0331828
2425,0.0333293
2426,0.0332758
2427,0.0347063
2428,0.0331973
2429,0.0332515
2430,0.0333963
2431,0.0333144
2432,0.0331817
2433,0.0332908
2434,0.0334758
2435,0.033231
2436,0.0333458
2437,0.0332528
2438,0.033285
2439,0.0332444
2440,0.0333841
2441,0.0332771
2442,0.0334037
2443,0.033276
2444,0.0333178
2445,0.0333741
2446,0.0333556
2447,0.033235
2448,0.0332476
2449,0.0332785
2450,0.0333406
2451,0.033338
2452,0.033427
2453,0.0332465
2454,0.0334007
2455,0.0332061
2456,0.0333111
2457,0.0333453
2458,0.0341479
2459,0.0331363
2460,0.033278
2461,0.033351
2462,0.0333271
2463,0.033323
2464,0.0332938
2465,0.0331905
2466,0.0334266
2467,0.0333198
2468,0.0332986
2469,0.0332542
2470,0.0332836
2471,0.0333554
2472,0.0334326
2473,0.0333613
2474,0.0331912
2475,0.0336791
2476,0.0330469
2477,0.0331274
2478,0.0334727
2479,0.0331376
2480,0.0333993
2481,0.0334224
2482,0.0333418
2483,0.0332485
2484,0.0332214
2485,0.0333431
2486,0.0335122
2487,0.0331516
2488,0.0334549
2489,0.0332854
2490,0.0331998
2491,0.033324
2492,0.0334468
2493,0.0332371
2494,0.0332915
2495,0.0334033
2496,0.0333956
2497,0.0332794
2498,0.0336228
2499,0.0332262
2500,0.0330941
2501,0.033029
2502,0.0334956
2503,0.0330697
2504,0.0332985
2505,0.0331992
2506,0.033294
2507,0.0332958
2508,0.0334192
2509,0.0332434
2510,0.0332426
2511,0.0334223
2512,0.0329376
2513,0.0337214
2514,0.0332759
2515,0.0331875
2516,0.0335365
2517,0.0329249
2518,0.0332492
2519,0.0331524
2520,0.0333109
2521,0.0333828
2522,0.0332305
2523,0.0353191
2524,0.0314203
2525,0.0331378
2526,0.0354109
2527,0.0313132
2528,0.0333156
2529,0.0337243
2530,0.0329264
2531,0.0334008
2532,0.033195
2533,0.033415
2534,0.0331542
2535,0.0335693
2536,0.0333084
2537,0.0330232
2538,0.0342719
2539,0.0321172
2540,0.0348013
2541,0.0318383
2542,0.0334445
2543,0.034378
2544,0.0321473
2545,0.0336574
2546,0.0334323
2547,0.0331164
2548,0.0335653
2549,0.0330713
2550,0.0332967
2551,0.0331982
2552,0.0334105
2553,0.0332897
2554,0.0332593
2555,0.0319358
2556,0.0369891
2557,0.0297279
2558,0.0332561
2559,0.033367
2560,0.033265
2561,0.0332626
2562,0.0333512
2563,0.0333997
2564,0.0332579
2565,0.0333146
2566,0.0332999
2567,0.0334461
2568,0.0333798
2569,0.0330148
2570,0.0335088
2571,0.0333169
2572,0.0320255
2573,0.0332779
2574,0.0335068
2575,0.0331652
2576,0.0335545
2577,0.0329064
2578,0.0334163
2579,0.0332265
2580,0.0333681
2581,0.0331936
2582,0.0336077
2583,0.0331332
2584,0.033505
2585,0.0329499
2586,0.0334147
2587,0.0332147
2588,0.0335236
2589,0.0333849
2590,0.0332208
2591,0.0333144
2592,0.0333222
2593,0.0331479
2594,0.0335167
2595,0.0333871
2596,0.0335686
2597,0.0330677
2598,0.0332627
2599,0.0346735
2600,0.034361
2601,0.0308186
2602,0.033262
2603,0.0332601
2604,0.0334885
2605,0.0354232
2606,0.0313108
2607,0.0334628
2608,0.0332434
2609,0.0332267
2610,0.0335381
2611,0.033393
2612,0.0333312
2613,0.0332686
2614,0.0332644
2615,0.0350876
2616,0.0314549
2617,0.033364
2618,0.0333893
2619,0.0334648
2620,0.0331586
2621,0.0333482
2622,0.0333742
2623,0.0377898
2624,0.0292782
2625,0.0330067
2626,0.033217
2627,0.0332339
2628,0.0355405
2629,0.0309487
2630,0.0334759
2631,0.0331865
2632,0.0333821
2633,0.033371
2634,0.0332829
2635,0.0332062
2636,0.0336333
2637,0.0359499
2638,0.0305332
2639,0.0332392
2640,0.0332894
2641,0.0336879
2642,0.0334627
2643,0.0333409
2644,0.0333773
2645,0.0331739
2646,0.0332449
2647,0.033346
2648,0.0332542
2649,0.0334496
2650,0.0331955
2651,0.0333978
2652,0.0332749
2653,0.0334807
2654,0.0332562
2655,0.0332269
2656,0.0332949
2657,0.0336119
2658,0.033013
2659,0.0334632
2660,0.0332532
2661,0.033316
2662,0.0335239
2663,0.0331354
2664,0.0333113
2665,0.0332624
2666,0.0332614
2667,0.0331349
2668,0.033603
2669,0.0333074
2670,0.0332665
2671,0.0342856
2672,0.0333717
2673,0.0332782
2674,0.0334098
2675,0.0331636
2676,0.0333884
2677,0.0334837
2678,0.0333447
2679,0.0332183
2680,0.0342092
2681,0.0323152
2682,0.0333013
2683,0.03342
2684,0.0332889
2685,0.033291
2686,0.0331282
2687,0.0335779
2688,0.0330336
2689,0.0334045
2690,0.0332668
2691,0.033403
2692,0.0332567
2693,0.033381
2694,0.0331871
2695,0.0333898
2696,0.0334491
2697,0.0331855
2698,0.033401
2699,0.033336
2700,0.0332016
2701,0.0333057
2702,0.0341816
2703,0.0333126
2704,0.0331181
2705,0.0384718
2706,0.0282877
2707,0.0351151
2708,0.0314875
2709,0.0333589
2710,0.0333358
2711,0.0350935
2712,0.0315642
2713,0.0334496
2714,0.0331007
2715,0.0333198
2716,0.0333269
2717,0.0335067
2718,0.0330717
2719,0.0332223
2720,0.0334291
2721,0.0332494
2722,0.0333339
2723,0.0333027
2724,0.0331007
2725,0.0335327
2726,0.0334938
2727,0.0331512
2728,0.0334087
2729,0.0332815
2730,0.0332397
2731,0.0332201
2732,0.033683
2733,0.0333319
2734,0.0333274
2735,0.0333821
2736,0.0332175
2737,0.0332893
2738,0.033295
2739,0.033331
2740,0.0332548
2741,0.0333159
2742,0.0334376
2743,0.0333983
2744,0.0330443
2745,0.0334542
2746,0.0332298
2747,0.0333547
2748,0.0336315
2749,0.0332054
2750,0.033411
2751,0.0329947
2752,0.0333672
2753,0.0331956
2754,0.0333073
2755,0.0333348
2756,0.0333655
2757,0.033231
2758,0.0333581
2759,0.0333913
2760,0.0317072
2761,0.033232
2762,0.0333797
2763,0.0332875
2764,0.0333138
2765,0.0333333
2766,0.0364539
2767,0.0302741
2768,0.0331742
2769,0.0335135
2770,0.0332853
2771,0.0332859
2772,0.033196
2773,0.0333799
2774,0.0333458
2775,0.033228
2776,0.0333453
2777,0.0330723
2778,0.0336152
2779,0.0330994
2780,0.0335596
2781,0.0331733
2782,0.033636
2783,0.0329172
2784,0.0332982
2785,0.0332884
2786,0.0335337
2787,0.0377979
2788,0.0287041
2789,0.0332479
2790,0.0333393
2791,0.0332849
2792,0.0333485
2793,0.0344502
2794,0.0332962
2795,0.0332475
2796,0.0348239
2797,0.0318963
2798,0.0344333
2799,0.0323717
2800,0.0330582
2801,0.0333574
2802,0.0317014
2803,0.033368
2804,0.0334057
2805,0.0333273
2806,0.033313
2807,0.0332161
2808,0.0332449
2809,0.0362603
2810,0.0303444
2811,0.0332761
2812,0.0336216
2813,0.0330624
2814,0.0333353
2815,0.0333656
2816,0.0334619
2817,0.0331028
2818,0.0333887
2819,0.033322
2820,0.0332324
2821,0.0332912
2822,0.0335174
2823,0.0331687
2824,0.0332925
2825,0.0333603
2826,0.0331295
2827,0.0333471
2828,0.0334854
2829,0.0333548
2830,0.0331348
2831,0.0333202
2832,0.0332865
2833,0.0334057
2834,0.0356421
2835,0.0310135
2836,0.0332567
2837,0.0392832
2838,0.0276242
2839,0.0330352
2840,0.0332715
2841,0.0333248
2842,0.033518
2843,0.0331604
2844,0.038301
2845,0.0283409
2846,0.0336569
2847,0.0330043
2848,0.0381346
2849,0.0284732
2850,0.033333
2851,0.0333648
2852,0.0331407
2853,0.0331514
2854,0.0346414
2855,0.0332774
2856,0.0332435
2857,0.0354228
2858,0.0315213
2859,0.033192
2860,0.0334447
2861,0.0333891
2862,0.0331469
2863,0.0334922
2864,0.03315
2865,0.0348231
2866,0.0319462
2867,0.0332492
2868,0.0331619
2869,0.0334412
2870,0.033267
2871,0.0332858
2872,0.0334968
2873,0.033279
2874,0.0334281
2875,0.0333864
2876,0.0331175
2877,0.0333949
2878,0.0331493
2879,0.0333279
2880,0.0332063
2881,0.0333873
2882,0.033312
2883,0.0334362
2884,0.0333064
2885,0.0339926
2886,0.0332228
2887,0.033341
2888,0.0332387
2889,0.0334057
2890,0.0331103
2891,0.0333869
2892,0.0334166
2893,0.0333216
2894,0.0311477
2895,0.0334227
2896,0.0332126
2897,0.0331756
2898,0.0334539
2899,0.0353631
2900,0.0332556
2901,0.0313433
2902,0.0331248
2903,0.0348426
2904,0.0318222
2905,0.0333582
2906,0.0335491
2907,0.0330601
2908,0.0334165
2909,0.0332672
2910,0.0332885
2911,0.033226
2912,0.0334148
2913,0.0333555
2914,0.0333033
2915,0.0334583
2916,0.0331143
2917,0.0334353
2918,0.0333603
2919,0.0331945
2920,0.03335
2921,0.0333267
2922,0.0332768
2923,0.0334096
2924,0.033278
2925,0.033249
2926,0.0333092
2927,0.033346
2928,0.0334414
2929,0.0331395
2930,0.0334188
2931,0.0333526
2932,0.0332123
2933,0.0332576
2934,0.0333511
2935,0.033326
2936,0.03345
2937,0.0331798
2938,0.0333103
2939,0.0332748
2940,0.0331996
2941,0.0333813
2942,0.0332572
2943,0.0333685
2944,0.0332935
2945,0.033343
2946,0.0349821
2947,0.0332599
2948,0.0333764
2949,0.0332757
2950,0.0333816
2951,0.0332148
2952,0.033284
2953,0.0333884
2954,0.033297
2955,0.0332692
2956,0.0345546
2957,0.0383539
2958,0.0272721
2959,0.0353334
2960,0.0310801
2961,0.0333966
2962,0.0332848
2963,0.0335934
2964,0.0330464
2965,0.0332817
2966,0.0333471
2967,0.0333337
2968,0.0333849
2969,0.0331819
2970,0.0333144
2971,0.0332204
2972,0.0333823
2973,0.0333255
2974,0.0332486
2975,0.0333883
2976,0.0338067
2977,0.0332492
2978,0.0333333
2979,0.033409
2980,0.033238
2981,0.0332772
2982,0.033241
2983,0.0334773
2984,0.0332982
2985,0.030333
2986,0.0332534
2987,0.0333053
2988,0.0334352
2989,0.0331588
2990,0.0333486
2991,0.0333533
2992,0.0332758
2993,0.0352749
2994,0.0312812
2995,0.0333669
2996,0.0333691
2997,0.0333869
2998,0.0344976
2999,0.0321995
3000,0.0333626
3001,0.0334162
3002,0.0331077
3003,0.0333598
3004,0.0332767
3005,0.0332666
3006,0.0333627
3007,0.0333105
3008,0.0332784
3009,0.0332258
3010,0.0333934
3011,0.0332596
3012,0.0333813
3013,0.0333228
3014,0.0332754
3015,0.0332864
3016,0.0333051
3017,0.0333781
3018,0.0332485
3019,0.0332332
3020,0.0334668
3021,0.0333421
3022,0.0331448
3023,0.0335022
3024,0.0331036
3025,0.0334967
3026,0.0331913
3027,0.0331848
3028,0.0332326
3029,0.0333584
3030,0.0332734
3031,0.0332504
3032,0.0335445
3033,0.0332821
3034,0.0332644
3035,0.0333493
3036,0.033324
3037,0.0349706
3038,0.0333004
3039,0.0334227
3040,0.0334033
3041,0.0331997
3042,0.0333533
3043,0.0331643
3044,0.0332942
3045,0.0334039
3046,0.033137
3047,0.0334693
3048,0.033199
3049,0.0333115
3050,0.0333228
3051,0.0334078
3052,0.0333223
3053,0.0332719
3054,0.0333243
3055,0.0333083
3056,0.033464
3057,0.0331503
3058,0.0333456
3059,0.0333952
3060,0.0333474
3061,0.0331174
3062,0.0333534
3063,0.0334086
3064,0.0332514
3065,0.0332481
3066,0.0333026
3067,0.0334184
3068,0.0345007
3069,0.0333931
3070,0.033288
3071,0.0332754
3072,0.03316
3073,0.0335623
3074,0.0332209
3075,0.0333396
3076,0.0332826
3077,0.033281
3078,0.0333694
3079,0.0346021
3080,0.0325116
3081,0.0328173
3082,0.0333312
3083,0.0332146
3084,0.0334258
3085,0.0333425
3086,0.0333589
3087,0.0354563
3088,0.0310505
3089,0.033449
3090,0.033151
3091,0.0332274
3092,0.0360591
3093,0.0323433
3094,0.0335792
3095,0.0358474
3096,0.0305406
3097,0.0336722
3098,0.031945
3099,0.0321813
3100,0.0334219
3101,0.0386349
3102,0.02951
3103,0.0318948
3104,0.0333639
3105,0.0330489
3106,0.033529
3107,0.0332456
3108,0.0332405
3109,0.0332654
3110,0.0334795
3111,0.033262
3112,0.0332249
3113,0.0333433
3114,0.0332866
3115,0.0333006
3116,0.0334732
3117,0.0332311
3118,0.0334507
3119,0.0378435
3120,0.028617
3121,0.0336437
3122,0.0334452
3123,0.0331486
3124,0.0331616
3125,0.0330821
3126,0.033266
3127,0.0333053
3128,0.0333815
3129,0.0337524
3130,0.0332099
3131,0.0331085
3132,0.0334171
3133,0.0334824
3134,0.0332291
3135,0.0332408
3136,0.0334134
3137,0.03327
3138,0.0331953
3139,0.0334705
3140,0.033248
3141,0.0334278
3142,0.0351948
3143,0.0312843
3144,0.0334295
3145,0.0333153
3146,0.0333801
3147,0.0332097
3148,0.0332414
3149,0.0332331
3150,0.0333001
3151,0.0333829
3152,0.0333816
3153,0.0333066
3154,0.0333675
3155,0.0361271
3156,0.0328824
3157,0.0327853
3158,0.031465
3159,0.0335683
3160,0.0332452
3161,0.033337
3162,0.0333363
3163,0.0334694
3164,0.0331417
3165,0.0334285
3166,0.0332962
3167,0.0332977
3168,0.0332791
3169,0.0333392
3170,0.0332939
3171,0.0333392
3172,0.0333949
3173,0.0347785
3174,0.0316401
3175,0.0355389
3176,0.031265
3177,0.0333607
3178,0.0332098
3179,0.0332528
3180,0.033314
3181,0.0334598
3182,0.0332811
3183,0.0333072
3184,0.0334076
3185,0.0331981
3186,0.0332362
3187,0.0334491
3188,0.033197
3189,0.0332062
3190,0.0338466
3191,0.03334
3192,0.0332921
3193,0.033476
3194,0.0333093
3195,0.0332551
3196,0.0333477
3197,0.0332056
3198,0.0333106
3199,0.033265
3200,0.0334174
3201,0.0338314
3202,0.0330562
3203,0.0330008
3204,0.0332567
3205,0.0334371
3206,0.0333657
3207,0.0331369
3208,0.0334844
3209,0.0332129
3210,0.033346
3211,0.0331704
3212,0.0333603
3213,0.033319
3214,0.0332852
3215,0.0333936
3216,0.0333651
3217,0.0331507
3218,0.0333946
3219,0.0334341
3220,0.0333198
3221,0.0330582
3222,0.0333453
3223,0.0335081
3224,0.033207
3225,0.0331662
3226,0.0333541
3227,0.0333842
3228,0.0332624
3229,0.033382
3230,0.0333116
3231,0.033379
3232,0.0341587
3233,0.0324682
3234,0.0334535
3235,0.0330814
3236,0.0334947
3237,0.0333947
3238,0.0334263
3239,0.0330446
3240,0.0333431
3241,0.0332604
3242,0.0333303
3243,0.033328
3244,0.0333756
3245,0.0333323
3246,0.0333758
3247,0.0336387
3248,0.0329213
3249,0.0331952
3250,0.0332714
3251,0.0335097
3252,0.0331588
3253,0.0335212
3254,0.0330963
3255,0.0334016
3256,0.0334149
3257,0.0331831
3258,0.0331309
3259,0.0331477
3260,0.0334532
3261,0.0333107
3262,0.0333519
3263,0.0332871
3264,0.0332476
3265,0.0332996
3266,0.0333152
3267,0.0333885
3268,0.0308426
3269,0.0319933
3270,0.0332436
3271,0.0383277
3272,0.0282492
3273,0.0334005
3274,0.0333386
3275,0.0331153
3276,0.0334924
3277,0.0388515
3278,0.0278633
3279,0.0331643
3280,0.0334979
3281,0.0332562
3282,0.0332357
3283,0.0333914
3284,0.0331372
3285,0.0332997
3286,0.0333686
3287,0.0347726
3288,0.0351739
3289,0.0300534
3290,0.0332194
3291,0.03447
3292,0.0321296
3293,0.0340803
3294,0.035968
3295,0.0309844
3296,0.0343407
3297,0.0314703
3298,0.0331569
3299,0.0333363
3300,0.0332932
3301,0.0332275
3302,0.0335098
3303,0.0333091
3304,0.0332047
3305,0.0332657
3306,0.0335547
3307,0.0331804
3308,0.033212
3309,0.0333834
3310,0.0334574
3311,0.0332013
3312,0.0348541
3313,0.0334254
3314,0.0333573
3315,0.0332145
3316,0.0333467
3317,0.0330623
3318,0.0335269
3319,0.0332514
3320,0.0332971
3321,0.0367568
3322,0.0319563
3323,0.0323357
3324,0.0321567
3325,0.0368075
3326,0.0347288
3327,0.0299659
3328,0.0333344
3329,0.0329494
3330,0.0362285
3331,0.0292687
3332,0.0345202
3333,0.0342771
3334,0.0319634
3335,0.0357742
3336,0.031652
3337,0.0318475
3338,0.0332333
3339,0.0334121
3340,0.0334931
3341,0.0331717
3342,0.0338405
3343,0.0333227
3344,0.0331784
3345,0.0335544
3346,0.0333206
3347,0.0332111
3348,0.033283
3349,0.0333148
3350,0.033288
3351,0.033252
3352,0.0333498
3353,0.0332725
3354,0.033211
3355,0.0335261
3356,0.0334113
3357,0.0330957
3358,0.033542
3359,0.0331643
3360,0.033316
3361,0.0331851
3362,0.0335054
3363,0.0333694
3364,0.0332353
3365,0.0332455
3366,0.0334113
3367,0.0333698
3368,0.0332908
3369,0.0332027
3370,0.0335172
3371,0.033274
3372,0.0334367
3373,0.0339691
3374,0.0333107
3375,0.0331023
3376,0.0333103
3377,0.0332333
3378,0.0333835
3379,0.033323
3380,0.0332511
3381,0.0334128
3382,0.0333211
3383,0.0333742
3384,0.0331559
3385,0.0333103
3386,0.0363418
3387,0.030155
3388,0.0334266
3389,0.0332239
3390,0.0333328
3391,0.033355
3392,0.0332896
3393,0.0333477
3394,0.0332722
3395,0.0333379
3396,0.033329
3397,0.0333303
3398,0.0333941
3399,0.033223
3400,0.0332585
3401,0.0332772
3402,0.0333138
3403,0.034334
3404,0.033365
3405,0.0334087
3406,0.0332405
3407,0.0332959
3408,0.0332949
3409,0.0330681
3410,0.0308171
3411,0.0326271
3412,0.0331781
3413,0.033433
3414,0.0332281
3415,0.0332535
3416,0.034423
3417,0.0325238
3418,0.0330451
3419,0.0332741
3420,0.0335264
3421,0.0343885
3422,0.038451
3423,0.026911
3424,0.0333298
3425,0.0335725
3426,0.0333183
3427,0.0330933
3428,0.0332884
3429,0.0332275
3430,0.0333454
3431,0.0336507
3432,0.0329541
3433,0.0334197
3434,0.0334363
3435,0.0331823
3436,0.0333177
3437,0.0332591
3438,0.0333161
3439,0.0333759
3440,0.03331
3441,0.0331424
3442,0.0334761
3443,0.0333161
3444,0.0332768
3445,0.0332213
3446,0.0334344
3447,0.0335391
3448,0.033103
3449,0.0332109
3450,0.0332843
3451,0.0333217
3452,0.0333968
3453,0.0334858
3454,0.0330298
3455,0.0333631
3456,0.0331922
3457,0.0334486
3458,0.0332962
3459,0.0332573
3460,0.0332868
3461,0.0333408
3462,0.0333313
3463,0.0334103
3464,0.0348427
3465,0.0331358
3466,0.0333385
3467,0.0333365
3468,0.0335165
3469,0.033244
3470,0.0332621
3471,0.033335
3472,0.0332567
3473,0.0333603
3474,0.0332582
3475,0.0334415
3476,0.0336468
3477,0.0329783
3478,0.0332961
3479,0.0332745
3480,0.0331278
3481,0.0334087
3482,0.0333396
3483,0.0333754
3484,0.0332328
3485,0.0333816
3486,0.033168
3487,0.0335262
3488,0.0331001
3489,0.0334222
3490,0.0331729
3491,0.033343
3492,0.0332513
3493,0.033627
3494,0.033231
3495,0.0342102
3496,0.0333911
3497,0.0329008
3498,0.0334639
3499,0.0331971
3500,0.033221
3501,0.0332571
3502,0.0333725
3503,0.0333054
3504,0.0333637
3505,0.0332833
3506,0.0319571
3507,0.0334626
3508,0.0332858
3509,0.0331991
3510,0.0333591
3511,0.033205
3512,0.0334108
3513,0.0332726
3514,0.033298
3515,0.0333383
3516,0.0364658
3517,0.0301008
3518,0.0334776
3519,0.0331624
3520,0.0333014
3521,0.0333317
3522,0.0333057
3523,0.0334407
3524,0.0332224
3525,0.0333558
3526,0.0332634
3527,0.033273
3528,0.0333593
3529,0.0332392
3530,0.0334782
3531,0.0331151
3532,0.03334
3533,0.0332972
3534,0.0334092
3535,0.03324
3536,0.0335088
3537,0.0333066
3538,0.0332483
3539,0.0332952
3540,0.0333088
3541,0.0332513
3542,0.0334887
3543,0.0333176
3544,0.0332297
3545,0.0331729
3546,0.0333368
3547,0.0334493
3548,0.0331538
3549,0.0334082
3550,0.0333036
3551,0.033177
3552,0.0334543
3553,0.0333691
3554,0.0331871
3555,0.033343
3556,0.0345877
3557,0.0334326
3558,0.0332434
3559,0.0331755
3560,0.03352
3561,0.0341789
3562,0.0323909
3563,0.0332559
3564,0.0334467
3565,0.0332477
3566,0.0333264
3567,0.0331285
3568,0.0335562
3569,0.0333367
3570,0.0331968
3571,0.0332765
3572,0.0333843
3573,0.0332126
3574,0.0333119
3575,0.0333721
3576,0.0333075
3577,0.0334401
3578,0.0331179
3579,0.0334016
3580,0.0332732
3581,0.0332739
3582,0.0332806
3583,0.0333748
3584,0.0335131
3585,0.0331072
3586,0.0341734
3587,0.0331503
3588,0.0334024
3589,0.0332097
3590,0.0334694
3591,0.0332546
3592,0.033282
3593,0.0332552
3594,0.0333035
3595,0.033294
3596,0.0335182
3597,0.0333162
3598,0.0332055
3599,0.0332432
3600,0.0333332
3601,0.0331387
3602,0.0334274
3603,0.0372983
3604,0.029357
3605,0.0333378
3606,0.0333035
3607,0.0332536
3608,0.0416269
3609,0.0246015
3610,0.0332644
3611,0.0334174
3612,0.035258
3613,0.0315321
3614,0.0334145
3615,0.033147
3616,0.0334525
3617,0.0332257
3618,0.0331934
3619,0.0333342
3620,0.0333361
3621,0.0331784
3622,0.0335003
3623,0.0333307
3624,0.0331355
3625,0.0334213
3626,0.0333967
3627,0.033237
3628,0.0332508
3629,0.0332903
3630,0.0333081
3631,0.0332162
3632,0.0336418
3633,0.0334726
3634,0.0330861
3635,0.0330795
3636,0.0336112
3637,0.033083
3638,0.0308796
3639,0.0331665
3640,0.0334508
3641,0.0341074
3642,0.0324222
3643,0.0333543
3644,0.0338396
3645,0.0328258
3646,0.0332659
3647,0.0334071
3648,0.0334148
3649,0.0332026
3650,0.03329
3651,0.0333997
3652,0.0331914
3653,0.0333456
3654,0.0334577
3655,0.0331671
3656,0.0365251
3657,0.0297186
3658,0.0331299
3659,0.0333602
3660,0.0333755
3661,0.0398972
3662,0.029679
3663,0.0303354
3664,0.033359
3665,0.0333446
3666,0.0332672
3667,0.0334459
3668,0.0334384
3669,0.033087
3670,0.0332794
3671,0.0332772
3672,0.0333917
3673,0.0334299
3674,0.0332242
3675,0.0333238
3676,0.033296
3677,0.0333581
3678,0.0331626
3679,0.0333558
3680,0.0331627
3681,0.0334116
3682,0.0333389
3683,0.0334672
3684,0.0331791
3685,0.0332217
3686,0.0334226
3687,0.0333449
3688,0.0376045
3689,0.0289396
3690,0.0333355
3691,0.0331807
3692,0.0334375
3693,0.0332001
3694,0.0333976
3695,0.0332554
3696,0.0332339
3697,0.0334033
3698,0.0332199
3699,0.0333364
3700,0.0332579
3701,0.0332675
3702,0.0332378
3703,0.0334369
3704,0.033274
3705,0.033386
3706,0.0332815
3707,0.0333513
3708,0.0352666
3709,0.0332889
3710,0.0331925
3711,0.0333374
3712,0.0333855
3713,0.0335533
3714,0.0330936
3715,0.0333323
3716,0.0333585
3717,0.0331986
3718,0.0333123
3719,0.0333096
3720,0.0332477
3721,0.0332866
3722,0.0333789
3723,0.0332529
3724,0.0332546
3725,0.0333137
3726,0.0333628
3727,0.0333752
3728,0.033243
3729,0.0342352
3730,0.0324831
3731,0.0332288
3732,0.0333916
3733,0.0332828
3734,0.0333825
3735,0.0331788
3736,0.033353
3737,0.0332852
3738,0.0333127
3739,0.0345986
3740,0.0332598
3741,0.0334085
3742,0.033355
3743,0.033095
3744,0.0333865
3745,0.0333532
3746,0.0379215
3747,0.0328152
3748,0.0292367
3749,0.0332457
3750,0.033223
3751,0.0334526
3752,0.0333047
3753,0.0333711
3754,0.0332443
3755,0.0333168
3756,0.0333433
3757,0.0332902
3758,0.0332944
3759,0.0332136
3760,0.0334498
3761,0.0331943
3762,0.0335778
3763,0.033485
3764,0.0333407
3765,0.0328655
3766,0.0332991
3767,0.0334202
3768,0.0331277
3769,0.0334187
3770,0.0332063
3771,0.0333542
3772,0.0333839
3773,0.033433
3774,0.0331551
3775,0.0334006
3776,0.0336165
3777,0.0329081
3778,0.033574
3779,0.0331728
3780,0.0332401
3781,0.0333735
3782,0.0331996
3783,0.0331884
3784,0.0334471
3785,0.0334249
3786,0.0331267
3787,0.0334596
3788,0.0331339
3789,0.0334276
3790,0.0332679
3791,0.0332626
3792,0.0315609
3793,0.0324767
3794,0.0331832
3795,0.0336424
3796,0.0383539
3797,0.032019
3798,0.0328721
3799,0.0298009
3800,0.0332544
3801,0.0333094
3802,0.0333719
3803,0.0332715
3804,0.0333973
3805,0.0422398
3806,0.0232246
3807,0.0330699
3808,0.0336571
3809,0.0414752
3810,0.0277225
3811,0.0305288
3812,0.0335565
3813,0.0329498
3814,0.0389625
3815,0.0321548
3816,0.0329035
3817,0.0326197
3818,0.0336968
3819,0.0319496
3820,0.0325578
3821,0.0320332
3822,0.0333139
3823,0.0330861
3824,0.0369137
3825,0.0300078
3826,0.0329178
3827,0.0333824
3828,0.0332787
3829,0.0333466
3830,0.0334347
3831,0.0333331
3832,0.033291
3833,0.03328
3834,0.033207
3835,0.0334804
3836,0.0333906
3837,0.0330553
3838,0.0334173
3839,0.0333379
3840,0.033222
3841,0.0332604
3842,0.0333708
3843,0.0333406
3844,0.0331819
3845,0.0333805
3846,0.0332814
3847,0.0334505
3848,0.03327
3849,0.0333641
3850,0.0333051
3851,0.0332788
3852,0.03337
3853,0.0335375
3854,0.0332623
3855,0.0333394
3856,0.0331509
3857,0.0332924
3858,0.0333636
3859,0.0333418
3860,0.0333228
3861,0.0338697
3862,0.0332329
3863,0.0333219
3864,0.0333644
3865,0.0333164
3866,0.0332949
3867,0.0367737
3868,0.0298103
3869,0.0333244
3870,0.0334587
3871,0.0331187
3872,0.0333351
3873,0.0331705
3874,0.0333795
3875,0.033209
3876,0.0333964
3877,0.0357278
3878,0.0349878
3879,0.0337226
3880,0.0289682
3881,0.0331501
3882,0.0358685
3883,0.0308099
3884,0.038234
3885,0.0285499
3886,0.0332891
3887,0.0369907
3888,0.0337767
3889,0.0291637
3890,0.0332119
3891,0.0348486
3892,0.0333171
3893,0.0332057
3894,0.0333309
3895,0.0340992
3896,0.0326125
3897,0.0334819
3898,0.0333344
3899,0.0333222
3900,0.0331229
3901,0.0333492
3902,0.0333842
3903,0.0331898
3904,0.0333857
3905,0.0332879
3906,0.0333056
3907,0.0333801
3908,0.0332332
3909,0.0332666
3910,0.0332564
3911,0.0333094
3912,0.0333725
3913,0.0333906
3914,0.0334776
3915,0.033177
3916,0.0332119
3917,0.0333885
3918,0.0332895
3919,0.0333907
3920,0.0330431
3921,0.0337115
3922,0.0396161
3923,0.02777
3924,0.0333302
3925,0.0334374
3926,0.0334098
3927,0.0333203
3928,0.0331798
3929,0.0332902
3930,0.0333622
3931,0.0333199
3932,0.0332092
3933,0.0343462
3934,0.0323321
3935,0.0333611
3936,0.0332005
3937,0.0334178
3938,0.0368793
3939,0.0338616
3940,0.0334782
3941,0.0334385
3942,0.0331787
3943,0.0289705
3944,0.0334565
3945,0.0332697
3946,0.0346133
3947,0.0321703
3948,0.0331531
3949,0.0332632
3950,0.0333132
3951,0.0332963
3952,0.0337407
3953,0.0333088
3954,0.0332506
3955,0.0331733
3956,0.0334101
3957,0.0335271
3958,0.0333156
3959,0.0332435
3960,0.0332429
3961,0.0332665
3962,0.0333616
3963,0.0333148
3964,0.0331621
3965,0.0333602
3966,0.0333077
3967,0.0335678
3968,0.0333018
3969,0.0331064
3970,0.0336043
3971,0.033105
3972,0.0332964
3973,0.0333765
3974,0.0332236
3975,0.0333602
3976,0.0335349
3977,0.0331866
3978,0.0332754
3979,0.0331901
3980,0.0332157
3981,0.0333769
3982,0.03338
3983,0.0344489
3984,0.0334613
3985,0.0511459
3986,0.0295827
3987,0.0333428
3988,0.033238
3989,0.0334292
3990,0.0332278
3991,0.0363172
3992,0.0304274
3993,0.0332802
3994,0.0350039
3995,0.0324451
3996,0.0360293
3997,0.029785
3998,0.033365
3999,0.0332641
4000,0.0382019
