iter,ant_move_s,phen_sync_s,evaporation_s,total_s
1,0.0049997125,0.011574265,0.00147976625,0.01805375
2,0.006479095,0.02354015,0.0021181625,0.032137425
3,0.008276625,0.03087405,0.002849285,0.04199995
4,0.0093740375,0.0370675,0.0035555,0.04999705
5,0.010779182500000001,0.043678999999999996,0.00395067,0.058408875
6,0.0121697025,0.04945515,0.0043384849999999996,0.06596335
7,0.0135241425,0.05477465,0.005086820000000001,0.073385675
8,0.01554485,0.06050205,0.0056480575,0.081694925
9,0.016963175,0.0657968,0.007119312500000001,0.08987927500000001
10,0.0192017,0.07435815,0.00822185,0.10178165
11,0.02287405,0.08350285,0.0087626375,0.11513975
12,0.024316375,0.0899628,0.009267055,0.12354625
13,0.02549355,0.094941675,0.0097241175,0.13015925
14,0.027085675,0.100989625,0.01031527,0.13839025
15,0.028357325,0.10595075,0.010883015,0.14519100000000001
16,0.029518575,0.11166125,0.0112630575,0.15244275
17,0.030640925,0.116773,0.01164155,0.15905575
18,0.0317235,0.12171925,0.012050275,0.16549325
19,0.032794000000000004,0.127416,0.012664975,0.17287475
20,0.03403105,0.13216050000000001,0.013045850000000001,0.17923725000000001
21,0.0352835,0.13720225,0.013440475,0.18592625
22,0.036690075,0.14189300000000002,0.013954075,0.192537
23,0.037853825,0.14692875,0.014317449999999999,0.1991
24,0.038948675,0.15183049999999998,0.014724125,0.2055035
25,0.04004305,0.156906,0.01521555,0.21216475
26,0.041859425,0.16400075,0.015955650000000002,0.221816
27,0.0430065,0.169155,0.016383875,0.2285455
28,0.044121099999999996,0.174144,0.016834325,0.23509975
29,0.0453566,0.1795115,0.01733405,0.242202
30,0.04660045,0.18454325,0.017716675,0.24886
31,0.0477377,0.18968425,0.018072875,0.25549475
32,0.04887175,0.194519,0.018570975,0.26196175
33,0.0500902,0.19965725,0.019014725,0.2687625
34,0.051275600000000005,0.20493625,0.019413725,0.27562549999999997
35,0.05257165,0.21077675,0.019963349999999998,0.28331175
36,0.053651075,0.21602725,0.020230525,0.28990875
37,0.05500145,0.2206425,0.020688875000000002,0.296333
38,0.05628355,0.22570725,0.0214047,0.30339574999999996
39,0.057498425,0.23026425,0.021826125000000002,0.309589
40,0.058714499999999996,0.23495275,0.022280849999999998,0.31594825
41,0.059996775,0.2397955,0.022686275,0.32247875
42,0.061229675,0.24457575,0.02312305,0.32892875
43,0.062477475000000005,0.2492705,0.023579,0.33532724999999997
44,0.063672625,0.254149,0.0239535,0.341775
45,0.06495282499999999,0.25872724999999996,0.02428085,0.34796075
46,0.066231175,0.2633175,0.024668575,0.35421749999999996
47,0.06752369999999999,0.2679445,0.025054825,0.36052275
48,0.068677775,0.2724375,0.025406025,0.36652125
49,0.069988175,0.27662275000000003,0.025899425,0.37251049999999997
50,0.07114852499999999,0.281156,0.026245024999999998,0.37854975
51,0.072358325,0.285877,0.026627075,0.38486275
52,0.073649275,0.29047725,0.027259699999999998,0.39138649999999997
53,0.074939275,0.294943,0.027625125,0.39750725
54,0.07610747500000001,0.2995595,0.028053875,0.40372075
55,0.077202675,0.30404175,0.028511725,0.40975625
56,0.0783332,0.30862775,0.028961874999999998,0.4159225
57,0.0796345,0.313546,0.029361675,0.42254200000000003
58,0.08081042499999999,0.31830875000000003,0.0296523,0.42877125
59,0.08203332499999999,0.32308025,0.03015555,0.43526925
60,0.083746025,0.32838375,0.030894675,0.4430245
61,0.084943425,0.33309125,0.0312272,0.44926175
62,0.0861262,0.3375295,0.031565949999999995,0.45522175
63,0.087466825,0.342387,0.032073725,0.46192774999999997
64,0.08867775,0.34706275,0.032378525,0.468119
65,0.08976155,0.35159925000000003,0.032881075,0.47424175
66,0.09093132500000001,0.35672175,0.033285125,0.48093775
67,0.09198445,0.36133375,0.0336569,0.486975
68,0.0931198,0.36677175,0.034498525,0.49438974999999996
69,0.094396325,0.37127750000000004,0.034900125000000004,0.500574
70,0.0955414,0.3758715,0.0353017,0.506715
71,0.096803125,0.38075400000000004,0.0357379,0.51329525
72,0.0979693,0.38524975,0.03609975,0.519319
73,0.09907095,0.389863,0.0364742,0.5254077500000001
74,0.100165025,0.394349,0.036786,0.5313
75,0.1012643,0.398673,0.037274100000000004,0.53721175
76,0.10247565,0.403254,0.0376294,0.5433589999999999
77,0.10359065,0.4081355,0.0380356,0.5497615
78,0.104978425,0.413142,0.038485975,0.55660625
79,0.10612150000000001,0.41774175,0.038830825,0.562694
80,0.107349,0.42191475,0.03921385,0.56847775
81,0.10862575,0.42638025,0.039563025,0.574569
82,0.110087,0.43060675,0.0399443,0.580638
83,0.1111115,0.43513225,0.040384575,0.58662825
84,0.11232275,0.4394395,0.040766875,0.59252875
85,0.1135185,0.44399875,0.041114325,0.598632
86,0.11474000000000001,0.44853675,0.041476425,0.60475325
87,0.1158845,0.45331825000000003,0.04189295,0.6110957499999999
88,0.117036,0.4578955,0.04230395,0.6172355
89,0.11833375,0.46244625,0.042733425,0.6235135
90,0.119549,0.46683775,0.043076199999999995,0.629463
91,0.12079,0.47174875,0.04349295,0.6360315
92,0.1219085,0.47665325000000003,0.04434905,0.642911
93,0.12306225,0.481071,0.045009825,0.6491432500000001
94,0.12438375,0.48598675,0.045402,0.6557722500000001
95,0.12548874999999998,0.49072775,0.0457348,0.661951
96,0.12656325000000002,0.495277,0.046095250000000004,0.66793525
97,0.12770425000000002,0.49971224999999997,0.0465308,0.6739470000000001
98,0.128921,0.50456325,0.046972725,0.680457
99,0.13005875,0.5092135,0.047417025,0.6866895
100,0.13121125,0.51385025,0.0478553,0.692917
101,0.13229375,0.5188405,0.04823305,0.69936725
102,0.133415,0.5234132499999999,0.048604625,0.7054325
103,0.13454349999999998,0.5280447500000001,0.048950525,0.7115389999999999
104,0.13576375000000002,0.532537,0.049395875,0.71769675
105,0.13691,0.5369094999999999,0.049739975,0.723559
106,0.13796825000000001,0.54163,0.050088850000000004,0.72968725
107,0.1391505,0.5464402500000001,0.050438175,0.7360285
108,0.14031175,0.5511215,0.050867825,0.742301
109,0.14147225,0.5557974999999999,0.051273325,0.748543
110,0.1426645,0.56035125,0.051628625,0.754644
111,0.143761,0.5650295000000001,0.05195755,0.76074775
112,0.144947,0.56970975,0.05230965,0.7669665
113,0.1460375,0.57432025,0.05268575,0.77304325
114,0.14717524999999998,0.57877775,0.05300905,0.7789619999999999
115,0.14837575,0.58323825,0.053404725,0.78501875
116,0.1495225,0.58760675,0.053699175,0.79082875
117,0.150597,0.5923845,0.054086725,0.7970682499999999
118,0.15179225,0.59692875,0.054412249999999995,0.803133
119,0.1528495,0.60171275,0.054806775,0.8093684999999999
120,0.1541305,0.6071387500000001,0.055175125,0.81644375
121,0.15543525,0.6117675,0.055603275,0.822806
122,0.156721,0.61636,0.055998875,0.82908
123,0.15791349999999998,0.62108525,0.056418750000000004,0.83541725
124,0.159189,0.6259165,0.05682895,0.8419345
125,0.16032875,0.630561,0.057149725,0.8480395000000001
126,0.161409,0.635057,0.057474575,0.85394
127,0.16252250000000001,0.63967525,0.057823,0.8600205
128,0.16368275,0.644558,0.058206799999999996,0.866448
129,0.16486275,0.64908325,0.058555974999999996,0.872502
130,0.16606725,0.65366,0.059005550000000004,0.878733
131,0.16724,0.658581,0.059527725,0.8853489999999999
132,0.1683985,0.66310375,0.05999375,0.8914960000000001
133,0.169436,0.6679200000000001,0.060367149999999994,0.8977235
134,0.1706125,0.67287275,0.060859949999999996,0.90434475
135,0.17251725,0.6782334999999999,0.061625575,0.91237625
136,0.17362075,0.68357675,0.0619972,0.919195
137,0.17472025,0.68818675,0.0623542,0.925261
138,0.1758805,0.69270125,0.06271435,0.93129575
139,0.17698825,0.69786825,0.0631297,0.937986
140,0.17820325,0.70252725,0.0636318,0.94436225
141,0.17934025,0.706881,0.0640906,0.9503122500000001
142,0.18049925,0.711478,0.064402675,0.95638
143,0.18156525,0.71649625,0.0647441,0.9628055
144,0.182673,0.7212594999999999,0.065132625,0.96906525
145,0.1837645,0.726077,0.065507325,0.975349
146,0.18510825,0.73067875,0.06594554999999999,0.98173275
147,0.18632975,0.73527475,0.06630945,0.987914
148,0.1875605,0.73988575,0.066639575,0.9940855
149,0.1887725,0.74447925,0.0670291,1.000281
150,0.190015,0.74906575,0.067392375,1.00647
151,0.19114625,0.75377625,0.067724225,1.0126475
152,0.19237549999999998,0.75824,0.06806055,1.0186775
153,0.1935105,0.76275375,0.068464925,1.0247275
154,0.19470475,0.767323,0.068874175,1.0309025
155,0.19591275,0.77201275,0.06929155000000001,1.0372175000000001
156,0.1969625,0.77664075,0.070094725,1.0436975
157,0.19806275,0.78135725,0.070515675,1.049935
158,0.19962375,0.78667075,0.07090765,1.0572
159,0.2007855,0.7917,0.071347775,1.0638325
160,0.20188425,0.79616175,0.071727,1.06977
161,0.20305325,0.800913,0.072139625,1.076105
162,0.20416025000000002,0.80536025,0.072504125,1.082025
163,0.20531975,0.8098435,0.072861075,1.0880225000000001
164,0.20651775,0.81436475,0.073165225,1.0940475
165,0.20774775,0.81901925,0.0735802,1.10035
166,0.208887,0.8240350000000001,0.07391,1.10683
167,0.20997075,0.82876525,0.07422045,1.1129575
168,0.211365,0.8329482500000001,0.074611225,1.1189225
169,0.21256575,0.83743425,0.075197775,1.1251975
170,0.21377825,0.84199775,0.07552252500000001,1.1312975
171,0.2151135,0.8463225,0.07591455,1.1373525
172,0.2163245,0.85099625,0.07629445,1.143615
173,0.2174245,0.85553075,0.076674275,1.14963
174,0.218448,0.8600297499999999,0.07699395,1.15547
175,0.219553,0.8647005,0.077351675,1.1616075000000001
176,0.22069375,0.8693522499999999,0.07785625,1.167905
177,0.221932,0.874041,0.0781628,1.1741375
178,0.2231405,0.87869975,0.078587175,1.1804275
179,0.22425875,0.88327825,0.07902722499999999,1.1865625
180,0.22552175,0.8881875,0.079465425,1.1931775
181,0.22674,0.8938675,0.079889,1.200495
182,0.227799,0.89867575,0.080357875,1.2068349999999999
183,0.2288865,0.9033497500000001,0.080695025,1.2129325
184,0.2300015,0.908364,0.08108032500000001,1.2194475
185,0.23199975,0.9145464999999999,0.08152045,1.228065
186,0.23319974999999998,0.9190635,0.08202242500000001,1.2342849999999999
187,0.23446325,0.92356525,0.082402425,1.2404324999999998
188,0.2356185,0.92817025,0.0828032,1.2465899999999999
189,0.23676550000000002,0.93268275,0.083201875,1.25265
190,0.237972,0.9374257500000001,0.08352470000000001,1.25892
191,0.23911575,0.94179775,0.083954875,1.2648675
192,0.2402695,0.9463382499999999,0.084278725,1.2708875
193,0.2413085,0.95090575,0.08457152500000001,1.276785
194,0.242482,0.95534175,0.0849052,1.2827275
195,0.24366025000000002,0.9599305,0.08533085,1.2889225
196,0.24471025,0.964757,0.08564622499999999,1.29511
197,0.245924,0.96922975,0.086028375,1.30118
198,0.2470235,0.9738702499999999,0.086323175,1.307215
199,0.24804725,0.97862525,0.08667715000000001,1.3133475000000001
200,0.24915725,0.98318275,0.08704575,1.319385
201,0.25033425,0.98765625,0.08749257499999999,1.3254825000000001
202,0.25142325,0.9924535,0.08787295,1.3317525
203,0.25256100000000004,0.9974155,0.08830969999999999,1.3382875
204,0.25372675,1.00209775,0.08904265,1.3448674999999999
205,0.2549025,1.0065485,0.089406375,1.3508575
206,0.25604175,1.01117,0.08976192499999999,1.3569775
207,0.25714275,1.0161825,0.09012995,1.36345
208,0.25826125,1.0208475,0.0905986,1.3697075
209,0.25941474999999997,1.0254975,0.09105435,1.3759675
210,0.2605975,1.030125,0.091549425,1.382275
211,0.2620325,1.0352025,0.0920368,1.3892725
212,0.26318325,1.039675,0.09249065000000001,1.39535
213,0.26446749999999997,1.0443875,0.09296650000000001,1.4018225
214,0.26579075,1.049015,0.093331025,1.4081350000000001
215,0.26696149999999996,1.0535525,0.093719125,1.414235
216,0.2681505,1.05808,0.094124525,1.4203575
217,0.2692035,1.06275,0.0944947,1.426445
218,0.27025325,1.0673825,0.09483885,1.4324724999999998
219,0.27141375,1.07234,0.0952463,1.439
220,0.27264475,1.0769525,0.095635325,1.44523
221,0.27381575,1.0814775,0.096738925,1.45203
222,0.27501225,1.086185,0.097228775,1.458425
223,0.27622375,1.09077,0.09755195,1.4645425
224,0.27742425,1.09588,0.0979182,1.4712225
225,0.2786765,1.100775,0.09830035,1.47775
226,0.27984325,1.10545,0.098705,1.484
227,0.28099275,1.11002,0.09912447499999999,1.4901375
228,0.28217175,1.1146850000000001,0.099534625,1.4963899999999999
229,0.28328975,1.1193549999999999,0.09998565,1.50263
230,0.28442925,1.1243699999999999,0.1004118,1.5092124999999998
231,0.28551125,1.128755,0.1008536,1.51512
232,0.2866705,1.1333225,0.10127477500000001,1.5212675
233,0.28780875,1.1379775,0.1015984,1.527385
234,0.28883875,1.1426025,0.10201925,1.5334575
235,0.28995825,1.1470975,0.10240275,1.5394575
236,0.29108025,1.1516825,0.1027385,1.5454975
237,0.2921475,1.1563275,0.103062,1.5515375
238,0.293314,1.161005,0.10356225,1.55788
239,0.2945815,1.165605,0.1040755,1.56426
240,0.29564975000000004,1.1704824999999999,0.104447,1.57058
241,0.2968705,1.1750075,0.10494775,1.576825
242,0.298325,1.18092,0.1063425,1.5855875
243,0.3000705,1.186915,0.10692025,1.593905
244,0.30125325000000003,1.191675,0.10734874999999999,1.6002775
245,0.30244375,1.1962774999999999,0.10765175,1.60637
246,0.30367025,1.200835,0.10811325,1.6126175
247,0.3049195,1.205415,0.10854225,1.6188775
248,0.306516,1.21002,0.10893325,1.62547
249,0.30765825,1.2150425,0.109247,1.6319474999999999
250,0.308768,1.2197925,0.10961,1.6381700000000001
251,0.310099,1.2252775,0.11085175,1.64623
252,0.31114275,1.22996,0.111261,1.6523625
253,0.31236875,1.234515,0.111612,1.6584925
254,0.31342175,1.239735,0.11199624999999999,1.6651525
255,0.31449325,1.2443575,0.1124015,1.6712500000000001
256,0.3155865,1.2488575,0.11278625,1.67723
257,0.31665875,1.25358,0.1139585,1.6842000000000001
258,0.31783,1.2586275,0.1144555,1.6909174999999999
259,0.31904425000000003,1.26356,0.11485475,1.6974575
260,0.32022775000000003,1.2680325,0.11526775,1.7035274999999999
261,0.3213475,1.2727075,0.11565675,1.7097125
262,0.32249649999999996,1.2774174999999999,0.11602975,1.7159475
263,0.32362925,1.282075,0.116325,1.722025
264,0.324764,1.28707,0.1168725,1.7287075
265,0.325799,1.2924875,0.1172765,1.735565
266,0.32689875,1.2972424999999999,0.1176325,1.74177
267,0.32808975,1.3018800000000001,0.11797075,1.7479425000000002
268,0.3292105,1.306575,0.11828775,1.7540749999999998
269,0.33025024999999997,1.311065,0.118987,1.7603075
270,0.3313485,1.3156075,0.11928174999999999,1.76624
271,0.33237225000000004,1.320145,0.11963725,1.7721575
272,0.33346,1.325155,0.1200155,1.7786325
273,0.33510525,1.3301825,0.12054524999999999,1.7858325
274,0.33650625,1.3358275,0.121057,1.7933925
275,0.33815399999999995,1.3403975,0.1215445,1.8000975000000001
276,0.3394645,1.3447375,0.12199075,1.80619
277,0.34055925,1.3492925,0.12232725,1.8121775
278,0.34184000000000003,1.3537175000000001,0.12272999999999999,1.8182875
279,0.34301725,1.3586375,0.12310425,1.82476
280,0.34409275,1.3633675,0.12343975,1.8308975
281,0.34524525,1.3677325,0.12386074999999999,1.8368375000000001
282,0.34637724999999997,1.37226,0.12420925,1.8428475
283,0.3475385,1.3769125,0.12453225,1.84898
284,0.34867475000000003,1.3813875,0.1248905,1.85495
285,0.3497645,1.385845,0.12525575,1.8608675
286,0.35078825,1.3905275,0.12564524999999999,1.866955
287,0.35185974999999997,1.395135,0.12615275,1.8731499999999999
288,0.35291925,1.3996425,0.126554,1.879115
289,0.354028,1.404665,0.12687725,1.8855675
290,0.35507675,1.40925,0.12731275,1.8916425
291,0.35616275000000003,1.4137975,0.12771549999999998,1.89768
292,0.35717175,1.418665,0.128032,1.9038675
293,0.3581715,1.423395,0.12833775,1.909905
294,0.35928899999999997,1.4284875000000001,0.12868475000000001,1.9164575
295,0.36033925,1.4332375,0.12913475000000002,1.9227075
296,0.36142525000000003,1.437915,0.12946249999999998,1.9288025
297,0.36246075,1.442905,0.129772,1.9351325
298,0.3635845,1.4476075,0.13009925,1.94129
299,0.36488925,1.452175,0.1304235,1.9474825
300,0.366053,1.4568975,0.1308015,1.9537525
301,0.3673195,1.4613175,0.13119225,1.9598275
302,0.36833,1.4659375,0.131574,1.965845
303,0.369525,1.47064,0.13198474999999998,1.9721525
304,0.37064600000000003,1.47528,0.13230925,1.978235
305,0.3718725,1.479965,0.132774,1.9846125
306,0.3731235,1.4851450000000002,0.13320175,1.9914725
307,0.37434449999999997,1.4898725,0.133545,1.9977625
308,0.37603074999999997,1.4947,0.1339205,2.00465
309,0.37710175,1.5002149999999999,0.13433325000000002,2.01165
310,0.37818375,1.505325,0.13478675,2.0182975
311,0.3793305,1.5099,0.13516775,2.0244025
312,0.380486,1.514735,0.13556775000000001,2.0307874999999997
313,0.38150700000000004,1.5193325,0.136075,2.0369175
314,0.3827,1.5243225,0.13658025000000001,2.0436025
315,0.38388,1.5287674999999998,0.13697025000000002,2.0496175
316,0.385058,1.53341,0.137436,2.0559025
317,0.3862605,1.5379875,0.137835,2.0620849999999997
318,0.3874795,1.5425550000000001,0.13831475,2.0683499999999997
319,0.3886575,1.5471,0.13869700000000001,2.074455
320,0.38969925,1.551585,0.13900925,2.080295
321,0.39080875000000004,1.5563150000000001,0.13942625,2.0865475
322,0.39204975,1.5609275,0.13978925,2.092765
323,0.39304775000000003,1.56558,0.14026925,2.0988975
324,0.39418025,1.570185,0.140658,2.1050225
325,0.3953235,1.57474,0.14100925,2.1110725
326,0.39635750000000003,1.5794625,0.14138875,2.1172075
327,0.39741,1.5841,0.14182625,2.123335
328,0.3984845,1.5887075,0.14215875,2.12935
329,0.39961025,1.593725,0.14259925,2.1359325
330,0.4008125,1.598765,0.14307675,2.1426575000000003
331,0.40209125,1.603325,0.14349975,2.1489175
332,0.40322475,1.60788,0.1438975,2.155005
333,0.404346,1.612355,0.14431175000000002,2.1610175
334,0.4055085,1.6169075,0.144711,2.167125
335,0.40672425,1.622085,0.145091,2.1739
336,0.40776025,1.6267800000000001,0.14553625,2.1800800000000002
337,0.408952,1.6313675,0.14591225000000002,2.1862325
338,0.4101305,1.63618,0.14624725,2.192555
339,0.411451,1.6414475,0.146811,2.1997075
340,0.4125725,1.645995,0.14711875,2.205685
341,0.41376625,1.6504925,0.1475045,2.2117625
342,0.41474875,1.6552425,0.14787625,2.217865
343,0.4159035,1.65997,0.14829775,2.224175
344,0.41708525,1.6650575,0.148694,2.2308375
345,0.418214,1.6696675,0.1490935,2.2369725000000003
346,0.41933925,1.6746975,0.149425,2.2434625
347,0.42038025,1.67943,0.14981475,2.2496225
348,0.42147675,1.6841025,0.150158,2.2557375
349,0.422488,1.68856,0.15056275,2.2616075
350,0.423595,1.6930100000000001,0.15089750000000002,2.2675
351,0.4246675,1.6976775000000002,0.1512595,2.2736025
352,0.4257625,1.70227,0.1516555,2.2796875
353,0.42682625,1.7069975,0.152025,2.28585
354,0.42783175,1.71167,0.15254475,2.292045
355,0.42899525,1.7162724999999999,0.1528675,2.29813
356,0.43024625,1.721225,0.15317875,2.30465
357,0.4322945,1.7277525,0.15355575,2.313605
358,0.43340924999999997,1.7324975,0.15393574999999998,2.3198425
359,0.434562,1.7374825,0.15449025,2.326535
360,0.43574999999999997,1.742225,0.15495075,2.332925
361,0.4369765,1.7471275,0.15533,2.339435
362,0.43819125000000003,1.7514975,0.15644475,2.3461350000000003
363,0.4394635,1.75611,0.156874,2.35245
364,0.4406095,1.7606775,0.15719075,2.3584775000000002
365,0.44181225,1.765955,0.1577485,2.365515
366,0.4428685,1.7706625,0.15831375,2.3718425
367,0.44404775,1.77566,0.15906599999999999,2.378775
368,0.44528575,1.7804875,0.1594575,2.38523
369,0.44655449999999997,1.785065,0.15993275,2.3915525
370,0.44778075,1.78976,0.1603075,2.39785
371,0.44888075,1.794445,0.16064875,2.403975
372,0.45016575,1.799315,0.1610615,2.41054
373,0.45132975,1.80396,0.1613965,2.4166875
374,0.45245475,1.8085225,0.16176125,2.42274
375,0.45362375,1.8135949999999998,0.162129,2.42935
376,0.45486225,1.818125,0.162527,2.435515
377,0.45592925,1.8228925,0.16296875,2.4417925
378,0.4571585,1.82755,0.16336325000000002,2.4480750000000002
379,0.45836725,1.83259,0.163774,2.45473
380,0.45949450000000003,1.8373725,0.164135,2.4610025
381,0.46056425,1.8418975,0.16450925,2.466975
382,0.46157375,1.84659,0.1649225,2.4730875
383,0.46260725,1.8510900000000001,0.16527324999999998,2.4789725000000002
384,0.46365049999999997,1.8561725,0.165681,2.4855025
385,0.464956,1.8608375,0.16608875,2.49188
386,0.46612275000000003,1.865485,0.16658075,2.49819
387,0.4672985,1.8702575000000001,0.16706674999999999,2.5046225
388,0.4685135,1.874835,0.167407,2.5107549999999996
389,0.46957525,1.8796650000000001,0.16776924999999998,2.517005
390,0.47065375,1.8842400000000001,0.16810175,2.522995
391,0.47185125,1.88893,0.16843750000000002,2.5292175
392,0.4729755,1.89336,0.16880125,2.535135
393,0.47410575,1.8979275,0.16912775,2.54116
394,0.4754405,1.9027,0.16948275000000002,2.547625
395,0.47670425,1.90724,0.17001125,2.5539525
396,0.477948,1.9119125000000001,0.170452,2.5603125
397,0.47914675,1.91659,0.170875,2.5666075
398,0.4801795,1.92159,0.1712395,2.57301
399,0.48159075,1.9275775,0.17192425,2.581095
400,0.48282400000000003,1.9337425,0.172552,2.5891175
401,0.48398825,1.93913,0.172974,2.5960925
402,0.48531,1.944575,0.173638,2.603525
403,0.48681425,1.95013,0.1742985,2.6112450000000003
404,0.488533,1.9554875,0.17491325,2.618935
405,0.49026274999999997,1.9605700000000001,0.176244,2.627075
406,0.49148875000000003,1.9659849999999999,0.17733725,2.6348125
407,0.49263575,1.9709949999999998,0.17770999999999998,2.6413450000000003
408,0.4938865,1.976485,0.17874025,2.649115
409,0.49514,1.9815175,0.17944575000000001,2.656105
410,0.49641575000000004,1.98759,0.1798415,2.6638450000000002
411,0.4980365,1.992925,0.18024675,2.671205
412,0.4991985,1.9976075,0.180733,2.6775349999999998
413,0.50035325,2.00229,0.18110875,2.6837525
414,0.50146775,2.00691,0.18146925,2.6898475
415,0.50282225,2.0114900000000002,0.18183825,2.6961500000000003
416,0.5042425,2.01722,0.18226175,2.703725
417,0.50521825,2.024545,0.182968,2.71273
418,0.506456,2.030115,0.18345625,2.7200275
419,0.50785225,2.035815,0.18385325000000002,2.7275225
420,0.50928975,2.04121,0.184317,2.7348175
421,0.5110215,2.046785,0.185424,2.7432275
422,0.51274825,2.0513425,0.18584275,2.749935
423,0.51457775,2.05651,0.18627549999999998,2.7573625
424,0.5160965,2.061565,0.18675625,2.7644175
425,0.51768725,2.0671975,0.18715874999999998,2.7720425
426,0.51904425,2.0732475,0.18752675,2.7798175
427,0.5205685,2.0779575,0.18792124999999998,2.7864475
428,0.522212,2.0825750000000003,0.18833825,2.7931225
429,0.52356675,2.08812,0.1887505,2.8004325
430,0.524869,2.0936925,0.1891265,2.80769
431,0.526003,2.0988725,0.189454,2.81433
432,0.52738325,2.10434,0.18976725,2.8214875
433,0.528704,2.1097725,0.19036725,2.8288475
434,0.529841,2.1146175,0.19073574999999998,2.8351925
435,0.5310159999999999,2.119515,0.19109175,2.8416224999999997
436,0.53213175,2.1246325,0.19145125,2.8482125
437,0.5335672499999999,2.1293100000000003,0.1917995,2.854675
438,0.5347770000000001,2.134185,0.192247,2.8612075
439,0.536048,2.1392825,0.19262125,2.8679575
440,0.53720075,2.1441974999999998,0.19306325,2.8744625
441,0.5383645,2.14898,0.19345475,2.8807975
442,0.539436,2.1536875,0.19379449999999998,2.8869175
443,0.5405525,2.1583075000000003,0.1942435,2.893105
444,0.541695,2.1627,0.19462875000000002,2.899025
445,0.54286225,2.1673575,0.19509075,2.90531
446,0.54414725,2.1718975,0.19556025,2.9116049999999998
447,0.5453125000000001,2.1764875,0.1958925,2.9176925000000002
448,0.5464837499999999,2.1814725,0.19630575,2.92426
449,0.54763525,2.18623,0.19662000000000002,2.9304875
450,0.54876125,2.190985,0.19699,2.9367375
451,0.54989175,2.195755,0.1974985,2.943145
452,0.55103925,2.2004425,0.1979385,2.9494225
453,0.55214575,2.205235,0.19828325,2.9556625
454,0.5532637499999999,2.2103124999999997,0.198601,2.9621775
455,0.5544995,2.21489,0.1992015,2.9685924999999997
456,0.555636,2.2201725000000003,0.19959749999999998,2.9754075
457,0.55680175,2.2250725,0.2000175,2.9818925
458,0.558921,2.2312975,0.20038899999999998,2.990605
459,0.56003,2.23644,0.20081725,2.99729
460,0.56115075,2.2413275,0.201191,3.00367
461,0.56243825,2.2464925,0.20174150000000002,3.01067
462,0.56368325,2.2512225,0.202113,3.01702
463,0.5649917499999999,2.255815,0.2026375,3.023445
464,0.56632675,2.2604225,0.20295475000000002,3.0297
465,0.567473,2.265155,0.20329075,3.0359175
466,0.56856725,2.27005,0.2036745,3.0422925000000003
467,0.5697945,2.27466,0.204093,3.04855
468,0.57082875,2.27938,0.20452775,3.0547375
469,0.572141,2.28465,0.2058045,3.062595
470,0.5739305,2.29249,0.20639449999999998,3.0728150000000003
471,0.57545475,2.29782,0.20685875,3.0801350000000003
472,0.57668275,2.3033525,0.207299,3.087335
473,0.577811,2.3081,0.20781575,3.0937275
474,0.57903625,2.3128025,0.20827125000000002,3.1001075
475,0.5802292499999999,2.3172725,0.208592,3.106095
476,0.58134125,2.322075,0.20897175,3.11239
477,0.58246825,2.326625,0.209454,3.1185475
478,0.58349325,2.3314874999999997,0.21009675,3.12508
479,0.5845875,2.3359625,0.2104255,3.1309725
480,0.5856915,2.3403325,0.21082975,3.1368525
481,0.58686375,2.3448200000000003,0.2112485,3.14293
482,0.588097,2.3493725,0.21170525,3.149175
483,0.58930175,2.353795,0.21205525,3.1551525
484,0.59042075,2.3584175,0.21289550000000002,3.1617375
485,0.59158925,2.3630725,0.21330175,3.1679625
486,0.592951,2.3694474999999997,0.2137505,3.1761475
487,0.59426,2.3749775,0.21424875,3.1834875
488,0.59542625,2.3796475,0.21468525,3.1897625
489,0.59673275,2.3847025,0.2150785,3.1965174999999997
490,0.598109,2.38963,0.21553424999999998,3.2032725
491,0.599452,2.394105,0.21596125,3.209515
492,0.6005995,2.39869,0.21639049999999999,3.2156849999999997
493,0.6017735,2.4042425,0.216822,3.2228325
494,0.6035955000000001,2.41207,0.2172155,3.2328825
495,0.60484725,2.41747,0.21762175,3.23994
496,0.6060555,2.4230549999999997,0.21800025,3.2471075
497,0.607294,2.4276324999999996,0.21833125,3.2532575
498,0.6091107499999999,2.4328499999999997,0.21881024999999998,3.2607749999999998
499,0.610677,2.438485,0.21917625000000002,3.26834
500,0.6119559999999999,2.443815,0.21955550000000001,3.275325
501,0.61310175,2.4484125,0.219966,3.2814825
502,0.6144235,2.4544225,0.22029975,3.2891475
503,0.6157655,2.4602500000000003,0.22070475,3.29672
504,0.61767075,2.4649075000000003,0.2210385,3.3036125
505,0.6190625,2.47049,0.221406,3.31096
506,0.62038575,2.476125,0.22174875,3.3182575
507,0.62160475,2.4811525,0.22217975,3.324935
508,0.6226689999999999,2.4859,0.22269025,3.33126
509,0.62378225,2.49127,0.2231235,3.338175
510,0.624992,2.496305,0.22366075,3.344955
511,0.62639925,2.502015,0.2243995,3.3528124999999998
512,0.627901,2.5082175,0.22475125,3.3608725
513,0.62929175,2.5132825,0.22519250000000002,3.3677675000000002
514,0.63043775,2.5183400000000002,0.225673,3.3744475
515,0.6316395,2.5232400000000004,0.22610950000000002,3.38099
516,0.63290375,2.5286049999999998,0.22672725,3.388235
517,0.63466725,2.535115,0.22723325,3.397015
518,0.6361702499999999,2.54088,0.227607,3.404655
519,0.6373585,2.5465025,0.2287795,3.41264
520,0.6386035,2.55097,0.229391,3.4189625
521,0.640034,2.5555975,0.22987825,3.42551
522,0.64129775,2.560565,0.23028625,3.43215
523,0.642643,2.565165,0.23067625,3.4384825
524,0.64383475,2.569925,0.23111625,3.4448775
525,0.64492675,2.5746875,0.2315445,3.4511575
526,0.6463205,2.5801225,0.23205225000000002,3.458495
527,0.64774075,2.58581,0.2326585,3.46621
528,0.65011,2.591565,0.2332405,3.4749125
529,0.6515335,2.5974775,0.233619,3.4826275
530,0.652916,2.6029150000000003,0.23399275,3.489825
531,0.653804,2.6082575,0.23432524999999998,3.4963875
532,0.6549510000000001,2.613105,0.23493125,3.5029875
533,0.65624625,2.6177025,0.23538925,3.50934
534,0.6573225,2.62292,0.23569825,3.5159425
535,0.658481,2.6276325,0.236074,3.52219
536,0.6596182500000001,2.632145,0.23645625,3.5282175000000002
537,0.66075875,2.637095,0.23700075,3.53485
538,0.661841,2.64167,0.23737125,3.540885
539,0.6629595,2.6462525,0.2378035,3.547015
540,0.66413975,2.6511,0.23840450000000002,3.5536475
541,0.6653249999999999,2.65631,0.23892975,3.560565
542,0.666553,2.6610275000000003,0.23944375,3.5670225
543,0.667742,2.665645,0.2398915,3.5732850000000003
544,0.669091,2.6701875,0.2401885,3.5794625
545,0.67026,2.6750675,0.24056,3.58589
546,0.671346,2.6801075,0.24085325000000002,3.592305
547,0.67247225,2.684915,0.24129625,3.5986825
548,0.6737155,2.68966,0.24162275,3.6049975
549,0.6748190000000001,2.6953275,0.242553,3.6126975
550,0.67603225,2.7000800000000003,0.2429885,3.6191
551,0.67717225,2.7047274999999997,0.243368,3.6252675
552,0.67832725,2.709335,0.24380000000000002,3.6314625
553,0.6798657499999999,2.71639,0.24434625,3.6406025
554,0.681311,2.7222725,0.24466875,3.64825
555,0.68281325,2.727725,0.24524175,3.6557825
556,0.6836395,2.7330699999999997,0.24558724999999998,3.6622975
557,0.6848577499999999,2.7377975,0.2460165,3.6686725
558,0.68600025,2.742605,0.24642999999999998,3.6750325
559,0.68716025,2.74742,0.24676225000000002,3.6813450000000003
560,0.68843,2.7524175,0.24720124999999998,3.68805
561,0.68958575,2.75712,0.24763825,3.6943425000000003
562,0.6908052499999999,2.7619675,0.24803025,3.7008025
563,0.6927795,2.7685874999999998,0.248511,3.7098750000000003
564,0.69444675,2.77411,0.24890074999999998,3.717455
565,0.69580775,2.7795525000000003,0.24931599999999998,3.7246775
566,0.6969927499999999,2.7840575,0.24967175,3.7307249999999996
567,0.69806225,2.7887425,0.24999825,3.7368025
568,0.6992385000000001,2.7934825,0.25038950000000004,3.7431125
569,0.70047675,2.798175,0.25078175,3.749435
570,0.70166675,2.802835,0.251179,3.7556825
571,0.702798,2.8075650000000003,0.251569,3.7619325
572,0.70389275,2.81239,0.25188825000000004,3.7681725
573,0.7050464999999999,2.8177025,0.25230600000000003,3.775055
574,0.706327,2.822315,0.25263425,3.7812775
575,0.7074525,2.826995,0.2529155,3.7873625
576,0.70858225,2.8316,0.2532105,3.79339
577,0.7097765,2.8361325,0.25357675,3.7994875
578,0.711001,2.8410675,0.25396475,3.8060300000000002
579,0.7121315,2.84585,0.25439900000000004,3.8123775
580,0.7143375,2.8527275000000003,0.254791,3.8218550000000002
581,0.7156325,2.8582099999999997,0.25508575,3.8289275
582,0.7168509999999999,2.86362,0.25538125,3.835855
583,0.71799275,2.8682875,0.25578175000000003,3.84206
584,0.719176,2.873525,0.25622775,3.8489275
585,0.7204965,2.8786075,0.2569205,3.856025
586,0.7221165,2.883075,0.25732175,3.8625125000000002
587,0.7234185,2.887695,0.2576525,3.868765
588,0.7245675,2.89234,0.25805875,3.874965
589,0.7262805,2.8986324999999997,0.25858075,3.8834925
590,0.7280037500000001,2.9043200000000002,0.26055174999999997,3.892875
591,0.729827,2.91019,0.262071,3.9020875
592,0.73230675,2.9229950000000002,0.263055,3.9183575
593,0.7335235,2.9279425,0.26369750000000003,3.9251625
594,0.73477775,2.9327375,0.26411175,3.9316275
595,0.7359720000000001,2.937815,0.26445625,3.938245
596,0.73750475,2.9426125,0.26487325,3.9449875
597,0.73884125,2.9475825,0.2653,3.9517275
598,0.7400862500000001,2.9528,0.26568075,3.9585625
599,0.7414395,2.9578825,0.26616825,3.96549
600,0.74274175,2.9628550000000002,0.26664625,3.972245
601,0.74415875,2.968265,0.2671675,3.9795925
602,0.7455832499999999,2.97321,0.2677165,3.98651
603,0.74693575,2.978285,0.26830825,3.9935300000000002
604,0.74848425,2.9836525,0.2697995,4.001935
605,0.750665,2.9937,0.27054500000000004,4.0149075
606,0.7526695,3.0016475,0.27163225,4.025945
607,0.7538625,3.0075624999999997,0.27257750000000003,4.0340025
608,0.75545525,3.01374,0.27307575,4.0422675
609,0.7569382499999999,3.0209025,0.27367225,4.0515175
610,0.7583025,3.02668,0.2740035,4.0589875
611,0.7595222500000001,3.032075,0.2744235,4.0660225
612,0.76080325,3.0367275,0.27481774999999997,4.07235
613,0.76195675,3.0412675,0.2752545,4.0784825
614,0.76317525,3.045925,0.27578025,4.0848825
615,0.7644299999999999,3.0505075,0.2761495,4.0910874999999995
616,0.7655752499999999,3.0551875,0.27665575,4.0974175
617,0.7667729999999999,3.060125,0.27710425,4.1040025
618,0.76810375,3.0650275000000002,0.27758175,4.110715
619,0.769348,3.0701225,0.277969,4.11744
620,0.7705665,3.07478,0.27826525,4.1236125
621,0.77169775,3.0794675,0.27862625,4.1297925
622,0.7728714999999999,3.0844475,0.2789835,4.1363025
623,0.7740995,3.089405,0.279489,4.142995
624,0.77541725,3.09378,0.27983025,4.14903
625,0.7765735,3.0987025,0.2802815,4.1555575000000005
626,0.77781375,3.1035275,0.28085675,4.1621974999999996
627,0.7791025,3.1080300000000003,0.2812285,4.16836
628,0.7801892500000001,3.1126225,0.2816765,4.1744875
629,0.78147025,3.11759,0.2821745,4.1812325
630,0.78268725,3.1221175,0.28269925,4.187505
631,0.783904,3.1266325,0.28310975,4.1936475
632,0.78507875,3.1313,0.283466,4.199845
633,0.7863392499999999,3.1357075,0.283876,4.2059225
634,0.78780425,3.140405,0.2843605,4.2125699999999995
635,0.78905475,3.1457550000000003,0.284809,4.2196225
636,0.79019075,3.1504700000000003,0.28517675,4.2258325
637,0.791385,3.1551325,0.28554425,4.2320625
638,0.79248675,3.1598775000000003,0.285886,4.23825
639,0.7936695,3.1645624999999997,0.2863675,4.244597499999999
640,0.79484225,3.1689525,0.286756,4.2505524999999995
641,0.79605,3.17385,0.28723750000000003,4.2571375
642,0.79712975,3.1787099999999997,0.28764,4.2634775
643,0.7984055,3.1838625,0.287984,4.270255
644,0.79960075,3.188595,0.28833325,4.27653
645,0.80092,3.1940125,0.2888565,4.2837875
646,0.80202825,3.1986600000000003,0.28922,4.28991
647,0.80331925,3.20435,0.2896335,4.2973025
648,0.804542,3.2097375,0.28998475,4.3042625
649,0.80564075,3.214585,0.29036675,4.310595
650,0.80693125,3.2194,0.29079,4.31712
651,0.8083549999999999,3.22496,0.29113125,4.324445
652,0.8096405,3.2303175,0.29154725,4.331505
653,0.81075075,3.2350275,0.291897,4.3376775
654,0.8122595,3.239865,0.29237925,4.344505
655,0.8135589999999999,3.2444375,0.29280475,4.3508
656,0.814788,3.249085,0.293192,4.357065
657,0.8160465,3.2556700000000003,0.29855149999999997,4.370265
658,0.819631,3.285285,0.30101,4.405927500000001
659,0.82088,3.2913575,0.30155,4.4137875
660,0.8217877499999999,3.2978125,0.30194375,4.42154
661,0.82300475,3.3030925,0.30233024999999997,4.42843
662,0.82428925,3.30816,0.30268825,4.4351375
663,0.8257425,3.3131675,0.302991,4.4418975
664,0.8269817500000001,3.31843,0.30337075,4.4487825
665,0.8279795,3.324035,0.30449225,4.456505
666,0.8298065,3.3316175,0.30496225,4.466385
667,0.8316822500000001,3.3374275,0.30538975,4.4745025
668,0.833662,3.3423,0.305768,4.48173
669,0.8354965000000001,3.3482575,0.30615225,4.4899075
670,0.8366644999999999,3.3552125,0.30659325,4.498469999999999
671,0.83801725,3.36084,0.3070635,4.5059225000000005
672,0.8393345,3.36591,0.307373,4.512615
673,0.8404754999999999,3.3705625,0.307762,4.5188
674,0.84156825,3.375275,0.308174,4.5250125
675,0.84280075,3.3798525,0.30859375,4.53125
676,0.84392375,3.3847775,0.30893275,4.537635
677,0.84515625,3.3893775,0.3092885,4.5438225
678,0.8461862499999999,3.3941375000000003,0.309677,4.5500025
679,0.8472985,3.398995,0.31003125,4.5563275
680,0.84841875,3.4038325,0.310427,4.5626775
681,0.84960625,3.4085975,0.31078975,4.568995
682,0.8506655,3.4134124999999997,0.3111505,4.5752299999999995
683,0.8518,3.41873,0.3114395,4.58197
684,0.852842,3.4234425,0.311786,4.5880725
685,0.8539175,3.42819,0.31214425,4.5942475
686,0.85533725,3.43374,0.312534,4.60161
687,0.856665,3.439395,0.3130445,4.6091025000000005
688,0.8579105,3.4441175,0.313405,4.61543
689,0.8591012499999999,3.4488925,0.31378575,4.6217775
690,0.86115275,3.45539,0.3143975,4.63094
691,0.864568,3.4637975,0.31517425,4.64354
692,0.86810975,3.4760825,0.31606025,4.6602525
693,0.8693565,3.4809775,0.31640675,4.6667375
694,0.87047925,3.4861225,0.3167895,4.6733925
695,0.871739,3.491295,0.31714425,4.68018
696,0.8731825,3.4967875,0.31759475,4.687565
697,0.87455025,3.50239,0.31799299999999997,4.6949325
698,0.876012,3.5078300000000002,0.31845925,4.7023025
699,0.8788395,3.5147425,0.31895575,4.712540000000001
700,0.8803615,3.520345,0.31940050000000003,4.720105
701,0.88231375,3.5261275000000003,0.31976375,4.728205
702,0.8834775,3.5336525,0.32042075000000003,4.7375525
703,0.88470925,3.5392725,0.3206985,4.744680000000001
704,0.885901,3.544525,0.32101875,4.7514425
705,0.88712225,3.5497175,0.32147325,4.758315
706,0.88828175,3.5543625,0.32184575,4.76449
707,0.8894070000000001,3.5593025,0.3221965,4.770905
708,0.89044175,3.5641675,0.32254,4.7771475
709,0.89146825,3.5689625,0.3228875,4.7833175
710,0.89247575,3.57376,0.32325950000000003,4.789495
711,0.89355175,3.578245,0.323592,4.7953875
712,0.8946084999999999,3.58305,0.323928,4.8015875
713,0.8957495,3.5877850000000002,0.3242405,4.8077725000000004
714,0.8968585,3.592385,0.32460925,4.813852499999999
715,0.89793525,3.5973525000000004,0.32569375,4.8209800000000005
716,0.8989750000000001,3.6024275,0.32605775000000004,4.82746
717,0.9003332500000001,3.6080725,0.3264655,4.8348700000000004
718,0.90160825,3.6131824999999997,0.32680125,4.8415925
719,0.902717,3.6178600000000003,0.32717175,4.84775
720,0.90380525,3.6225775000000002,0.32766725,4.85405
721,0.90518475,3.62773,0.32807600000000003,4.86099
722,0.9081785,3.63454,0.32948175,4.8722025
723,0.9095865,3.6573350000000002,0.32990275,4.8968225
724,0.910506,3.6635975,0.33099875,4.905105
725,0.91177825,3.6687250000000002,0.33139425,4.9118975
726,0.913094,3.6740225,0.3317365,4.9188525
727,0.9143415,3.679435,0.33275224999999997,4.92653
728,0.91563275,3.6846825,0.33313349999999997,4.933450000000001
729,0.9169995,3.6892825,0.333568,4.9398525
730,0.91827225,3.6949675,0.3339735,4.9472125
731,0.9213067500000001,3.70207,0.33460225,4.957985
732,0.923365,3.7079525,0.33535925,4.9666775
733,0.9252755,3.7132175,0.335997,4.9744875
734,0.9272765000000001,3.7191825,0.336393,4.98285
735,0.92861425,3.726355,0.33698025,4.9919475
736,0.9300047499999999,3.732075,0.3373535,4.9994325
737,0.931365,3.737405,0.33774525,5.006515
738,0.93264875,3.7418375,0.3380945,5.012575
739,0.9337865,3.7469275,0.33850525,5.0192225
740,0.934988,3.7518475000000002,0.338861,5.025695000000001
741,0.9363334999999999,3.756615,0.3392935,5.0322425
742,0.937481,3.7621725,0.33969275,5.0393475
743,0.93863575,3.7668049999999997,0.34009725,5.045535
744,0.94000025,3.77151,0.34057525,5.052085
745,0.941357,3.7763425,0.34113525,5.05883
746,0.94255425,3.781495,0.34160650000000004,5.0656525
747,0.94378825,3.7865875,0.341996,5.0723725
748,0.9449235,3.7918275,0.34231849999999997,5.0790675
749,0.9463032499999999,3.798135,0.34263075,5.087065
750,0.9475015,3.8034775,0.34295025,5.0939325
751,0.94858875,3.8081725,0.34334225,5.100105
752,0.9505435,3.8133925,0.34383549999999996,5.107775
753,0.952261,3.819495,0.3445195,5.116275
754,0.95399175,3.8267875,0.34508,5.125859999999999
755,0.955851,3.832835,0.34553525,5.1342225
756,0.95750425,3.83928,0.3459955,5.14278
757,0.9589995,3.8463249999999998,0.3465475,5.15187
758,0.96032675,3.8544425,0.347053,5.1618275
759,0.961632,3.85983,0.3475585,5.169017500000001
760,0.9629285,3.86558,0.34803300000000004,5.1765425
761,0.9642379999999999,3.8701,0.34844575,5.1827825
762,0.9655400000000001,3.8747125000000002,0.34885275,5.1891025
763,0.96684925,3.8796475,0.35005525,5.19655
764,0.968119,3.8845324999999997,0.3504305,5.20308
765,0.969395,3.8891575,0.3507475,5.2092975
766,0.970641,3.893935,0.35130975,5.2158875
767,0.97175575,3.8984875,0.35175175000000003,5.2219925
768,0.972882,3.9030825,0.3522615,5.2282275
769,0.973951,3.90756,0.352667,5.2341774999999995
770,0.97494875,3.9121175,0.3531345,5.2402025
771,0.9761315,3.9165925,0.353476,5.2462
772,0.97717025,3.9211225,0.353939,5.25223
773,0.97855775,3.92556,0.35434725,5.2584675
774,0.9799295,3.931445,0.3547505,5.266125
775,0.98144425,3.9374975,0.3556055,5.274547500000001
776,0.9825235,3.9421225,0.35606150000000003,5.2807075
777,0.98366975,3.9467749999999997,0.356552,5.286995
778,0.9848085,3.95194,0.356953,5.2937
779,0.98597275,3.956415,0.357324,5.2997125
780,0.987023,3.960845,0.35773025,5.3056
781,0.98813025,3.9653025,0.358361,5.311795
782,0.98930425,3.9699075,0.3587845,5.317995
783,0.9903839999999999,3.9751724999999998,0.3592335,5.32479
784,0.9915665,3.979655,0.3595805,5.3308
785,0.99268925,3.984295,0.35994575,5.33693
786,0.9936659999999999,3.9888375000000003,0.36031725,5.3428225000000005
787,0.99474575,3.99334,0.360621,5.3487075
788,0.995822,3.9978274999999996,0.3611755,5.354825
789,0.9969335,4.0025275,0.36164875,5.36111
790,0.99796575,4.0070725,0.3622565,5.3672925000000005
791,0.9990447499999999,4.01161,0.36256225,5.3732175
792,1.00013975,4.01615,0.36301425,5.3793
793,1.00115325,4.020745,0.36342175,5.38532
794,1.0021805,4.0251125000000005,0.36373725,5.3910325
795,1.0032445,4.0296825,0.36417025000000003,5.3971
796,1.00429975,4.0344,0.364782,5.403485
797,1.0054115000000001,4.0388,0.36517525,5.4093875
798,1.0064495,4.043125,0.3655775,5.415155
799,1.00743975,4.0477125,0.365947,5.4211025
800,1.008596,4.0523475,0.36643775,5.4273825
801,1.0096479999999999,4.057345,0.366812,5.4338025
802,1.0107445,4.06201,0.36734975000000003,5.440105
803,1.011903,4.0675375,0.36776575,5.447205
804,1.013105,4.0719899999999996,0.3682455,5.45334
805,1.0143975,4.0762175,0.36859175,5.4592075
806,1.0155075,4.0808,0.36912449999999997,5.46543
807,1.0166975,4.0857475,0.369537,5.4719775
808,1.017825,4.0904025,0.3699865,5.47822
809,1.0188875,4.0953225,0.370473,5.48468
810,1.0202499999999999,4.10043,0.3709785,5.491655
811,1.02146,4.1051,0.37151775,5.49808
812,1.02261,4.109985,0.371888,5.5044825
813,1.02376,4.1155525,0.3722575,5.5115675
814,1.0248,4.120139999999999,0.3726775,5.5176125
815,1.0259800000000001,4.12462,0.3733385,5.52394
816,1.0271025,4.1291575,0.3738925,5.53015
817,1.0282274999999998,4.1336675,0.374352,5.53625
818,1.0293675,4.1387475,0.37489425,5.5430075
819,1.0305075000000001,4.1438275,0.3752965,5.54963
820,1.0315475,4.1489225,0.37570425,5.55617
821,1.03269,4.154025,0.3760595,5.56278
822,1.0337675,4.1586324999999995,0.37664675000000003,5.569045
823,1.0349825,4.163195,0.37719025,5.5753675
824,1.036105,4.167855,0.377651,5.58161
825,1.03725,4.1728625,0.37898275000000003,5.589095
826,1.03834,4.177385,0.37935125000000003,5.595075
827,1.0394275,4.18253,0.37971475,5.601672499999999
828,1.0405625,4.187555,0.3801075,5.6082225
829,1.0416225,4.19232,0.3805665,5.6145075
830,1.0427375,4.1970725,0.38093325,5.6207425
831,1.04385,4.2017525000000004,0.38129675,5.6269025
832,1.045045,4.2063475,0.38171225,5.6331125
833,1.0462725000000002,4.2113949999999996,0.382248,5.639915
834,1.04745,4.21613,0.3827045,5.6462875
835,1.048515,4.22077,0.3830815,5.652365
836,1.049595,4.2252175,0.383478,5.658295
837,1.050625,4.2299675,0.38383325,5.664422500000001
838,1.0516575,4.2346575,0.384218,5.670535
839,1.0527975,4.2391875,0.384596,5.6765775
840,1.05382,4.2436425,0.38506725,5.68253
841,1.0548575,4.248365,0.38547725,5.6887025
842,1.055995,4.25296,0.38586725,5.694827500000001
843,1.0571625,4.258005000000001,0.3869945,5.702165
844,1.05826,4.262605,0.38733724999999997,5.7082
845,1.059355,4.267250000000001,0.38795225,5.7145600000000005
846,1.0604025,4.2719775,0.38834425,5.7207225
847,1.061485,4.27657,0.38868275,5.726735
848,1.0626099999999998,4.2813075000000005,0.389133,5.7330475
849,1.063725,4.285775,0.3894915,5.73899
850,1.064795,4.29047,0.38991875,5.7451825
851,1.065795,4.2949575,0.390323,5.7510725
852,1.0668425,4.29964,0.39066575,5.75715
853,1.0678725,4.3041825,0.39098625,5.763045
854,1.0690374999999999,4.3092,0.39128575,5.7695225
855,1.0700925000000001,4.313695,0.39167050000000003,5.77546
856,1.0711425,4.31825,0.39206399999999997,5.7814525
857,1.0722875,4.3228,0.3925115,5.787599999999999
858,1.073365,4.3272075,0.3928775,5.79345
859,1.0744525,4.33163,0.39320275,5.7992799999999995
860,1.0755025,4.336195,0.39353825,5.8052325
861,1.0766125,4.3407275,0.3939565,5.8112975
862,1.0777225000000001,4.345635,0.39432075,5.8176775
863,1.079495,4.35076,0.3947905,5.8250475
864,1.0806175,4.355925,0.395268,5.83181
865,1.081795,4.360365,0.395717,5.837875
866,1.083045,4.3649275,0.396161,5.8441325
867,1.0840475,4.369995,0.39663025,5.850675
868,1.08536,4.3745775,0.3970285,5.8569625
869,1.08637,4.3791475,0.39738,5.8629
870,1.08755,4.3841874999999995,0.3977735,5.8695125
871,1.0886075,4.38882,0.39814925,5.8755749999999995
872,1.0896949999999999,4.39334,0.39853,5.8815675
873,1.09078,4.398265,0.39931775,5.888365
874,1.0919625,4.402615,0.399617,5.8942
875,1.0930425,4.407065,0.40006925,5.900180000000001
876,1.094205,4.41184,0.4004615,5.906505
877,1.0952549999999999,4.416510000000001,0.40114125,5.912905
878,1.096515,4.42096,0.40165700000000004,5.919135
879,1.09769,4.425545,0.40202075000000004,5.925255
880,1.0987325000000001,4.429985,0.40241525,5.9311325
881,1.0998275,4.435075,0.40282125,5.937725
882,1.1009775,4.439755,0.40315449999999997,5.9438875
883,1.1020225,4.4443025,0.403469,5.9497975
884,1.10305,4.44896,0.40383199999999997,5.9558374999999995
885,1.104145,4.4536525000000005,0.404236,5.962035
886,1.1051525,4.4583025,0.4046225,5.9680775
887,1.10625,4.463010000000001,0.404955,5.9742125
888,1.1073,4.4675875000000005,0.4054745,5.9803575
889,1.108475,4.472165,0.40586449999999996,5.986505
890,1.109485,4.476705,0.40624275,5.9924325
891,1.1105275,4.4813374999999995,0.40677325,5.99864
892,1.1116825000000001,4.4863425,0.407275,6.005305
893,1.112875,4.4909375,0.407732,6.011545
894,1.1140375,4.49561,0.40811624999999996,6.01776
895,1.1151200000000001,4.50014,0.40843925,6.0237
896,1.1161475,4.50527,0.4089785,6.030395
897,1.117125,4.509975,0.40939749999999997,6.0365025
898,1.118215,4.51512,0.41006375,6.0434
899,1.1198225,4.5207125,0.41053825,6.051075
900,1.12134,4.5286225,0.4109645,6.060925
901,1.1224525,4.53342,0.41126975,6.0671425
902,1.1235024999999998,4.5379775,0.4116315,6.0731075
903,1.1245375,4.5431525,0.411995,6.0796825000000005
904,1.1256475,4.5481675,0.41318299999999997,6.087
905,1.1267575,4.5526975,0.41360925000000004,6.0930625
906,1.128015,4.557965,0.41395675,6.099935
907,1.129145,4.562485,0.4143215,6.105955
908,1.130125,4.56712,0.414673,6.1119175
909,1.131165,4.571820000000001,0.4150455,6.1180325
910,1.13247,4.5761875,0.41537075,6.124029999999999
911,1.1335375,4.5807475,0.41565975,6.1299425
912,1.134695,4.58525,0.41603524999999997,6.135975
913,1.1357425,4.5896550000000005,0.41642049999999997,6.14182
914,1.1367425,4.59427,0.416841,6.147855
915,1.137805,4.598895000000001,0.41748975,6.1541925
916,1.1388175,4.6038875,0.41785675,6.1605625
917,1.1398475,4.6084075,0.418275,6.1665275
918,1.1409825,4.61344,0.418632,6.1730575000000005
919,1.142095,4.61815,0.41908975000000004,6.1793325
920,1.1431475,4.6227675,0.4194875,6.1854
921,1.14426,4.6272275,0.41986325,6.19135
922,1.1453475,4.6318225,0.42034125,6.197505
923,1.1463999999999999,4.6371675,0.420699,6.20427
924,1.1475650000000002,4.641725,0.42108575,6.210375
925,1.1486875,4.6464775,0.421503,6.216670000000001
926,1.1498875000000002,4.6511025,0.42191525,6.2229075
927,1.1511175,4.655715,0.42222575,6.2290575
928,1.1522875,4.6607575,0.4227845,6.2358275
929,1.1535275,4.6653475,0.42325599999999997,6.2421275000000005
930,1.1546224999999999,4.669905,0.42356024999999997,6.2480875000000005
931,1.1557325,4.6743875,0.42396125,6.25408
932,1.1569425,4.67903,0.42434275,6.260315
933,1.1581225,4.6838825,0.42473775,6.26674
934,1.159165,4.68868,0.42515075,6.2729925
935,1.1603025,4.693275,0.42554175,6.27912
936,1.161315,4.6980325,0.42612225,6.28547
937,1.1623675,4.7025575,0.426492,6.2914175
938,1.1634075,4.7069925,0.426847,6.2972475
939,1.1644825,4.711605,0.42721525,6.3033025
940,1.16565,4.7162025,0.42757175000000003,6.309425
941,1.1668075,4.720925,0.4279485,6.3156825
942,1.1679375,4.72562,0.4284155,6.321975
943,1.1690775,4.7301775,0.42878375,6.32804
944,1.170205,4.7348025,0.42915425,6.3341625
945,1.171465,4.7393,0.429639,6.3404125
946,1.17248,4.74401,0.429983,6.346475
947,1.17359,4.7485225,0.43045075,6.3525625
948,1.17469,4.753775,0.43080825,6.359272499999999
949,1.1756575,4.758437499999999,0.43122275,6.3653175
950,1.1767825,4.7630225,0.43166925,6.371475
951,1.1779275,4.7675975,0.43198725,6.3775125
952,1.17916,4.7721325,0.432354,6.3836475
953,1.18035,4.7767025,0.4327495,6.3897975
954,1.1857475000000002,4.78937,0.4350875,6.410205
955,1.186665,4.7941025,0.4355,6.41627
956,1.1878075,4.798674999999999,0.43596124999999997,6.4224475
957,1.1888325,4.8031225,0.436342,6.4282975
958,1.189905,4.80767,0.4366595,6.434235
959,1.190925,4.8127075,0.437282,6.440915
960,1.19194,4.817482500000001,0.4375815,6.447
961,1.1931574999999999,4.82207,0.437998,6.453225
962,1.1941675,4.8266925,0.43828449999999997,6.4591475
963,1.19526,4.8313524999999995,0.4386175,6.4652325
964,1.1962725,4.836295,0.43893775,6.4715050000000005
965,1.1974175,4.8412275000000005,0.43937950000000003,6.4780275
966,1.1989100000000001,4.8462,0.43975625,6.484865
967,1.20001,4.8508525,0.4401505,6.4910125
968,1.201075,4.85572,0.44056799999999996,6.4973624999999995
969,1.2022475,4.8602975,0.440997,6.5035425
970,1.2032625000000001,4.864715,0.44138849999999996,6.5093675
971,1.20435,4.8692775,0.4417765,6.5154049999999994
972,1.2053575,4.87421,0.4421335,6.5217
973,1.20647,4.879167499999999,0.44250449999999997,6.528145
974,1.2073049999999999,4.883885,0.44289975,6.53409
975,1.209365,4.889865,0.443423,6.5426575
976,1.2109675,4.8954325,0.443931,6.55033
977,1.212485,4.901475,0.444408,6.5583675
978,1.2138200000000001,4.9075475,0.44485625,6.5662225
979,1.21529,4.912865,0.4452635,6.57342
980,1.21671,4.917675,0.44568425,6.58007
981,1.2179075,4.92284,0.4464655,6.5872125
982,1.2193800000000001,4.928295,0.4474725,6.5951425
983,1.220645,4.9331325,0.44779975,6.601577499999999
984,1.22177,4.9379100000000005,0.44890599999999997,6.6085875
985,1.2229299999999999,4.9426275,0.4492425,6.6148025
986,1.2242525,4.947255,0.44974749999999997,6.62125
987,1.2254625,4.9520375,0.45007,6.6275725
988,1.2265575,4.956765,0.450414,6.6337325
989,1.2276775,4.96172,0.45077175,6.6401699999999995
990,1.22891,4.96644,0.45123875,6.64659
991,1.2300175,4.9710625,0.4516825,6.65276
992,1.2311725,4.9757,0.45202349999999997,6.6588925
993,1.2322725,4.9808025,0.452465,6.6655425
994,1.23338,4.9854125,0.452818,6.6716075
995,1.23445,4.9900199999999995,0.45325125,6.67772
996,1.2358175,4.99625,0.453656,6.68572
997,1.2371975,5.0013625,0.454003,6.6925625
998,1.238445,5.006645,0.454332,6.69942
999,1.2396525,5.0115225,0.45543175,6.706605
1000,1.24074,5.01621,0.45582225,6.7127725
1001,1.241825,5.0208625,0.456056,6.7187425
1002,1.24683,5.0331,0.460517,6.740445
1003,1.24942,5.049765,0.46106525,6.76025
1004,1.250605,5.05473,0.4615305,6.766865
1005,1.2518425,5.0600475,0.46192075,6.773805
1006,1.253125,5.065005,0.46233075,6.78046
1007,1.254375,5.070297500000001,0.46293825,6.7876125
1008,1.25556,5.075415,0.46336275,6.7943425
1009,1.2568,5.0802325,0.46375125,6.8007825
1010,1.2582,5.0853275,0.46426275,6.807795
1011,1.2594475,5.0904275000000005,0.464776,6.81465
1012,1.261685,5.09761,0.465539,6.824835
1013,1.26323,5.1032325,0.46605325,6.832515
1014,1.265155,5.1099375,0.46676175,6.841855
1015,1.26703,5.117395,0.46745975,6.851885
1016,1.268375,5.123037500000001,0.468096,6.859507499999999
1017,1.269615,5.1284600000000005,0.468432,6.8665075
1018,1.2709074999999999,5.133155,0.46877725000000003,6.87284
1019,1.271955,5.1380025,0.46915375,6.8791125
1020,1.273115,5.1428925,0.46970775,6.8857175
1021,1.27432,5.14925,0.4701705,6.893735
1022,1.2760725000000002,5.1544675,0.4706545,6.9011949999999995
1023,1.27722,5.1593800000000005,0.47156825,6.90817
1024,1.2783449999999998,5.164384999999999,0.47198799999999996,6.914715
1025,1.2796275000000001,5.169475,0.47307699999999997,6.922175
1026,1.2807275,5.17409,0.473477,6.9282924999999995
1027,1.2819150000000001,5.1787775,0.47393025,6.9346225
1028,1.2829975,5.1834725,0.4742865,6.940755
1029,1.2840624999999999,5.1891099999999994,0.47489575,6.9480725
1030,1.28529,5.1941325,0.47538225,6.954805
1031,1.2864325,5.1986975,0.475773,6.9609000000000005
1032,1.2875475,5.2032125,0.4761565,6.966915
1033,1.288815,5.208215,0.47649525,6.973525
1034,1.2909375,5.2147825,0.4769995,6.9827175
1035,1.2922575,5.219815,0.477356,6.9894275
1036,1.2934475,5.2252375,0.477672,6.9963575
1037,1.29452,5.2299774999999995,0.47802475,7.00252
1038,1.2955975,5.23477,0.4784675,7.0088325000000005
1039,1.2967825,5.239675,0.47882749999999996,7.015285
1040,1.29803,5.244305,0.47928625,7.0216175
1041,1.29975,5.2498925,0.48006275,7.0297025
1042,1.3027325,5.2642775,0.48103025,7.04804
1043,1.3043425,5.2723875,0.48340775,7.0601375
1044,1.3051425,5.2773225,0.48376874999999997,7.0662325
1045,1.30632,5.28212,0.48416675,7.07261
1046,1.307445,5.28723,0.484577,7.079255
1047,1.3088025,5.292355,0.48511575,7.0862725
1048,1.310145,5.29767,0.48545225000000003,7.0932675
1049,1.311395,5.3026675,0.485922,7.0999825
1050,1.3127,5.30773,0.48635975,7.10679
1051,1.31454,5.3155875,0.487016,7.117145
1052,1.316805,5.3215725,0.48738975,7.1257675
1053,1.3184275,5.327915,0.48887325,7.1352125
1054,1.3202375,5.3336875,0.489286,7.14321
1055,1.3223425,5.340714999999999,0.490034,7.15309
1056,1.3237675,5.346215,0.49033099999999996,7.1603175
1057,1.3250199999999999,5.351675,0.49074875,7.1674425
1058,1.326205,5.356595,0.49120925,7.1740075
1059,1.3273375,5.361575,0.49153125000000003,7.1804425
1060,1.328465,5.366535,0.49192199999999997,7.1869225
1061,1.3294875,5.3717875,0.49229849999999997,7.1935725
1062,1.3305625,5.3769775,0.4926985,7.20024
1063,1.33169,5.381755,0.49305575,7.206497499999999
1064,1.33284,5.3865775,0.49349575,7.212915
1065,1.333945,5.3912375,0.4938825,7.2190625
1066,1.3354525,5.3981975,0.49439625,7.228045
1067,1.33678,5.4038875,0.494803,7.235465
1068,1.338085,5.40947,0.49513875,7.2426925
1069,1.338975,5.4154800000000005,0.49556725,7.2500225
1070,1.3401174999999999,5.4202625,0.49593600000000004,7.2563175
1071,1.341125,5.4250925,0.496268,7.262485
1072,1.3422275,5.429835,0.49667574999999997,7.268735
1073,1.34348,5.4342475,0.4970255,7.2747525
1074,1.3446975,5.438775,0.497406,7.28088
1075,1.345855,5.4434875,0.49773875,7.2870875
1076,1.34715,5.448155,0.498091,7.2933975
1077,1.3483100000000001,5.4530925,0.49854575,7.2999475
1078,1.3494375,5.4579325,0.49897424999999995,7.3063425
1079,1.350725,5.462415,0.4993595,7.3125
1080,1.35188,5.4674525,0.49977725,7.31911
1081,1.35307,5.4722349999999995,0.50009425,7.3254
1082,1.3541425,5.4768225,0.50044175,7.331405
1083,1.3552375,5.4815000000000005,0.50144725,7.33818
1084,1.3563225,5.4864625,0.50198325,7.3447675
1085,1.3574925,5.4918875,0.502295,7.351675
1086,1.3587475,5.49678,0.5026815,7.3582125000000005
1087,1.3599424999999998,5.50169,0.50321925,7.364855
1088,1.3616350000000002,5.50906,0.503755,7.3744475000000005
1089,1.3648,5.51949,0.5072647499999999,7.391555
1090,1.3663725,5.526475,0.5078465,7.40069
1091,1.3672575,5.5320025,0.50873525,7.407995
1092,1.36858,5.5370575,0.50914225,7.414785
1093,1.369985,5.5421775,0.509561,7.4217225
1094,1.3712974999999998,5.5470675,0.51000475,7.428365
1095,1.372815,5.5520125,0.51039675,7.43522
1096,1.374055,5.5570924999999995,0.51089625,7.4420425
1097,1.37553,5.5624325,0.51126025,7.44922
1098,1.3770475,5.5692,0.5118134999999999,7.45806
1099,1.3792625,5.574745,0.512408,7.466415
1100,1.3807975,5.58063,0.51290925,7.4743425000000006
1101,1.38291,5.585875,0.51331575,7.4821075
1102,1.3842225,5.59265,0.51456975,7.491445
1103,1.3853550000000001,5.5982575,0.5149695000000001,7.498585
1104,1.3867125,5.6036025,0.51532725,7.5056475
1105,1.3878575,5.60821,0.51562075,7.51169
1106,1.3892975,5.613095,0.51599475,7.51839
1107,1.390505,5.618002499999999,0.5162767500000001,7.524785
1108,1.39177,5.62277,0.51667725,7.53122
1109,1.3928425,5.6283075,0.51702,7.5381725
1110,1.3939925,5.63381,0.51740725,7.54521
1111,1.3950275,5.6386225,0.517874,7.551525
1112,1.3961975,5.6431249999999995,0.5182472499999999,7.55757
1113,1.3972625,5.6485,0.5185595,7.5643175
1114,1.3982525,5.6532025,0.518957,7.570415000000001
1115,1.3993275,5.6579925,0.5192607499999999,7.576585
1116,1.4004075,5.662775,0.5196465,7.582825
1117,1.4019875,5.6689099999999994,0.5201525,7.5910525
1118,1.40373,5.674085,0.5204945,7.59831
1119,1.405095,5.67932,0.52086325,7.6052775
1120,1.405985,5.68505,0.521409,7.612445
1121,1.4071975,5.6904075,0.5219152499999999,7.6195225
1122,1.411965,5.71097,0.5230175,7.645955
1123,1.4131075,5.723935,0.52364375,7.6606875
1124,1.4144125,5.72882,0.52409325,7.6673275
1125,1.4154225,5.733745,0.5243975000000001,7.6735625
1126,1.41674,5.7388725,0.5247595,7.6803675
1127,1.41802,5.744092500000001,0.5251675,7.6872799999999994
1128,1.419285,5.7492149999999995,0.5255195,7.694015
1129,1.4205275,5.754275,0.52684275,7.701645
1130,1.4218175,5.7594625,0.5272145,7.7084975
1131,1.4244400000000002,5.7657775,0.52796725,7.718185
1132,1.4269875,5.7716425000000005,0.5293715,7.728
1133,1.4285925,5.7769224999999995,0.5298375,7.735355
1134,1.4304700000000001,5.7828025,0.5305485,7.7438199999999995
1135,1.431765,5.788415,0.53094325,7.7511275
1136,1.4329399999999999,5.7942149999999994,0.5314030000000001,7.758555
1137,1.4341725,5.79909,0.531792,7.7650524999999995
1138,1.435665,5.80371,0.53226925,7.771645
1139,1.4367874999999999,5.8086275,0.532626,7.7780450000000005
1140,1.438115,5.8134575,0.53306575,7.7846375000000005
1141,1.4392524999999998,5.8182225,0.533366,7.7908425
1142,1.440375,5.82312,0.5337685000000001,7.79727
1143,1.4415925,5.8275575,0.53409075,7.8032375
1144,1.4428375,5.832285000000001,0.5344497500000001,7.8095775
1145,1.4441825,5.837925,0.5349127499999999,7.8170175
1146,1.4462075,5.84542,0.53569075,7.82732
1147,1.4473375,5.8504625,0.536037,7.8338375000000005
1148,1.44851,5.8551525,0.53639425,7.8400575
1149,1.4503300000000001,5.8617,0.5369397499999999,7.8489675000000005
1150,1.45179,5.8674425,0.537563,7.8567925
1151,1.453055,5.8731349999999996,0.5378825,7.86407
1152,1.454355,5.8786249999999995,0.5385267499999999,7.8715075
1153,1.45842,5.8942525,0.54173925,7.8944125
1154,1.4609225,5.9020475,0.54205225,7.905025
1155,1.4618025,5.9074475,0.54247025,7.91172
1156,1.4630425,5.9129325,0.54315925,7.919135
1157,1.4642825,5.9180875,0.54351625,7.925885
1158,1.4658025000000001,5.9231125,0.543922,7.9328375
1159,1.4671425,5.9282475,0.5444455,7.9398325
1160,1.4690175,5.9346325,0.5452065,7.948855
1161,1.4720975,5.9412025,0.545758,7.9590575
1162,1.4738625,5.9467675,0.5463687500000001,7.9670000000000005
1163,1.4754975,5.95319,0.54677025,7.97546
1164,1.4770925,5.96075,0.5473275,7.9851675
1165,1.4785249999999999,5.9661725,0.54770575,7.9924
1166,1.4798775000000002,5.97157,0.548106,7.9995475
1167,1.4810825,5.9760975,0.5485195,8.005700000000001
1168,1.4821225,5.9807075,0.5489105,8.01174
1169,1.4833725,5.986015,0.549292,8.018677499999999
1170,1.484645,5.9907425,0.54961775,8.025007500000001
1171,1.485695,5.995575,0.5499455,8.031215
1172,1.4867725,6.0009250000000005,0.55026275,8.0379575
1173,1.48806,6.005577499999999,0.5506965,8.0443325
1174,1.48925,6.0102025,0.5510605,8.050515
1175,1.4904600000000001,6.0151975,0.551435,8.0570925
1176,1.491515,6.0199475,0.551826,8.0632925
1177,1.492655,6.0249,0.552214,8.06977
1178,1.4947275,6.0315075,0.552887,8.0791225
1179,1.495935,6.0370124999999994,0.55331075,8.0862575
1180,1.4975275,6.043340000000001,0.554192,8.09506
1181,1.499775,6.0506225,0.55482875,8.10523
1182,1.5015749999999999,6.0575975,0.5553747499999999,8.11455
1183,1.5028299999999999,6.0643825,0.556088,8.1233025
1184,1.50425,6.072515,0.556789,8.133555
1185,1.5058475,6.078965,0.5571634999999999,8.1419775
1186,1.5076975,6.08561,0.5579875,8.151295
1187,1.5096924999999999,6.0935925,0.55843425,8.161715
1188,1.51139,6.09864,0.558972,8.1690025
1189,1.51282,6.104225,0.55934075,8.1763875
1190,1.514075,6.108885,0.5596895,8.18265
1191,1.5154025,6.11387,0.56005875,8.189327500000001
1192,1.5166425,6.1187450000000005,0.5603825,8.1957725
1193,1.5178575,6.1234025,0.560793,8.20205
1194,1.5191050000000001,6.12805,0.5612765,8.208427499999999
1195,1.52023,6.13288,0.5616829999999999,8.21479
1196,1.521535,6.137385,0.56199375,8.2209125
1197,1.5226275,6.1419625,0.56231725,8.226912500000001
1198,1.523785,6.147107500000001,0.5628405,8.23373
1199,1.52504,6.151585,0.5632425,8.23987
1200,1.5261575,6.1563975,0.56360425,8.246165
1201,1.5273975,6.16098,0.56394,8.2523175
1202,1.5287899999999999,6.165767499999999,0.56437975,8.258935000000001
1203,1.5301274999999999,6.171215,0.56479475,8.266137500000001
1204,1.53131,6.17626,0.5657840000000001,8.2733575
1205,1.5325025,6.1820775,0.566392,8.2809725
1206,1.5337175,6.1866625,0.56672875,8.28711
1207,1.5349125,6.191167500000001,0.5673895,8.29347
1208,1.535815,6.1957699999999996,0.56778575,8.29937
1209,1.5368475,6.20083,0.56824725,8.3059275
1210,1.5379874999999998,6.20571,0.5688759999999999,8.312574999999999
1211,1.538935,6.2102075,0.5693305,8.318470000000001
1212,1.540065,6.2147274999999995,0.569698,8.3244925
1213,1.5411825000000001,6.219272500000001,0.5700737499999999,8.33053
1214,1.542235,6.224035,0.57043075,8.3366975
1215,1.543305,6.2287325,0.5707535,8.34279
1216,1.544435,6.233525,0.571124,8.349085
1217,1.545385,6.2382725,0.57150525,8.35516
1218,1.5465550000000001,6.24292,0.571909,8.3613875
1219,1.5477400000000001,6.2476075,0.5722609999999999,8.3676075
1220,1.5491025,6.2527225,0.5726424999999999,8.3744725
1221,1.5502475,6.2572975,0.5730185,8.3805625
1222,1.55131,6.261832500000001,0.5736082499999999,8.386747499999998
1223,1.55254,6.266735,0.574035,8.3933075
1224,1.553625,6.2712175000000006,0.57439525,8.399235000000001
1225,1.55464,6.27586,0.5747424999999999,8.405245
1226,1.5557325,6.280742500000001,0.57508625,8.411560000000001
1227,1.5567475,6.2852025,0.57550575,8.417457500000001
1228,1.5579825,6.2905275,0.57601725,8.42453
1229,1.559875,6.2962225,0.576451,8.4325475
1230,1.5618625,6.3019750000000005,0.5769945000000001,8.440827500000001
1231,1.5635474999999999,6.305606666666667,0.5744463333333333,8.443596666666666
1232,1.5772499999999998,6.291395,0.5809445,8.44714
1233,,,,
